text,label,source_intent
where to report an error with payments?,payment_issue,payment_issue
I have errors editing the shipping address,address_change,change_shipping_address
I demand a reimbursement of money,refund,get_refund
canceling order {{Order Number}},cancel_order,cancel_order
help me ask for a compensation,refund,get_refund
where could I inform of bloody issues with payment?,payment_issue,payment_issue
tell me more about modifying my shipping address,address_change,change_shipping_address
how long till i receive my rebate of money,refund,get_refund
i need help with canceling purchase {{Order Number}},cancel_order,cancel_order
wanna see inwhich cases can i ask to be refunded i need help,refund,check_refund_policy
i want help seeing purchase {{Order Number}} current status,tracking,track_order
where can i report errors with onlinepayment,payment_issue,payment_issue
where can I notify of errors with payment ?,payment_issue,payment_issue
when will I receive ordered {{Order Number}}?,tracking,track_order
can you help me see the current status of my reimbursement?,refund,track_refund
"I have got to see your money back policy, how can I do it?",refund,check_refund_policy
I want to obtain refunds of my money,refund,get_refund
"I have got to check order {{Order Number}} status, can you help me?",tracking,track_order
"I paid {{Currency Symbol}}{{Refund Amount}} for this article, where can I get a rebate?",refund,get_refund
I want help filing a customer complaint,complaint,complaint
when wil i get a rebate,refund,get_refund
help me to file a customer claim gaainst your organization,complaint,complaint
where to file a consumer complaint,complaint,complaint
can you help me to file a customer reclamation?,complaint,complaint
help me notifying of problems with online payments,payment_issue,payment_issue
I need to check if there are any updates on my bloody rebate,refund,track_refund
could yatell me about changing my shipping address,address_change,change_shipping_address
I need assistance to lodge a complaint against your company,complaint,complaint
"I have to locate order {{Order Number}}, could I get some help?",tracking,track_order
can you help me receive a rebate of money?,refund,get_refund
help me requesting a bloody compensation,refund,get_refund
would it be possible to notfy of an error with payments,payment_issue,payment_issue
I need hnelp to solve a trouble with online payment,payment_issue,payment_issue
assistance requesting a compensation of money,refund,get_refund
i cant see if there are any updates on the refund,refund,track_refund
want help receiving compensations,refund,get_refund
wanna check the status of order {{Order Number}},tracking,track_order
i have to check in what cases can i request a reimbursement,refund,check_refund_policy
what do i have to do to locate purchase {{Order Number}},tracking,track_order
help to solve an error withonline payments,payment_issue,payment_issue
I need to know if there is anything new on the restitution,refund,track_refund
can you show me in what situations can I request refunds?,refund,check_refund_policy
I have got to lodge a reclamation against your business,complaint,complaint
i cannot pay i have to report goddamn payment issues,payment_issue,payment_issue
is it possible to make an complaint against ur company,complaint,complaint
"my delivery address changed, help me update it",address_change,change_shipping_address
can ya help me demand a rebate of money,refund,get_refund
want help checking in wht situations can i request refunds,refund,check_refund_policy
show me in which cases can I request refunds,refund,check_refund_policy
I want to see if there is anything new on the restitution,refund,track_refund
can I see in what cases can I ask for a reimbursement?,refund,check_refund_policy
help notifying of problems with payment,payment_issue,payment_issue
want help seeing in what cases can i request my money back,refund,check_refund_policy
i try to report issues with payments,payment_issue,payment_issue
can I track order {{Order Number}}?,tracking,track_order
"I want to report problems with payments, I need assistance",payment_issue,payment_issue
can you help me make a claim against your business?,complaint,complaint
tracking refund,refund,track_refund
is it possible to check my damn rebate current status?,refund,track_refund
where can i cancel purchase {{Order Number}},cancel_order,cancel_order
I can't pay for order {{Order Number}},cancel_order,cancel_order
I try to file a claim,complaint,complaint
I am trying to file a rreclamation against your business,complaint,complaint
I do not know what to do to locate purchase {{Order Number}},tracking,track_order
could I make a customer complaint against your business?,complaint,complaint
how could I inform of payment errors?,payment_issue,payment_issue
help me to cancel order {{Order Number}},cancel_order,cancel_order
want help notifying of a trouble with payment,payment_issue,payment_issue
how can i check the eta of the order {{Order Number}},tracking,track_order
i do notknow what to do to locate order {{Order Number}},tracking,track_order
I need support changing the delivery address,address_change,change_shipping_address
i need help seeing if there are any news on the rebate,refund,track_refund
need help with cancelliing order {{Order Number}},cancel_order,cancel_order
where to lodge a customer reclamation?,complaint,complaint
issues updating shipping address,address_change,change_shipping_address
help to check in which cases can I ask for reimbursements,refund,check_refund_policy
how do i demand a compensation of money,refund,get_refund
I have got to cancel purchase {{Order Number}},cancel_order,cancel_order
check in which cases can I ask for a fucking reimbursement,refund,check_refund_policy
i do not know how to check my compensation status,refund,track_refund
assistance to file a reclamation against your business,complaint,complaint
help me to file a consumer reclamation against your company,complaint,complaint
help correcting the address,address_change,change_shipping_address
in what cases can I request a refund?,refund,check_refund_policy
I have to see the ETA of the order {{Order Number}},tracking,track_order
I'm trying to see ur reimbursement policy,refund,check_refund_policy
I want assistance to make an customer reclamation,complaint,complaint
information about updating my address,address_change,change_shipping_address
wanna see purchase {{Order Number}} status i need assistance,tracking,track_order
"I expect a compenastion of {{Currency Symbol}}{{Refund Amount}}, was it processed already",refund,track_refund
where to file a customer reclamation against ur company,complaint,complaint
how to file an reclamation?,complaint,complaint
can you help me ask for refunds?,refund,get_refund
i have a question about cancelling oorder {{Order Number}},cancel_order,cancel_order
wanna see ur refund policy how to do it,refund,check_refund_policy
how do i see if there are any news on the restitution,refund,track_refund
i cant see order {{Order Number}} goddamn current satus,tracking,track_order
I have got to update my delivery address,address_change,change_shipping_address
I try to inform of an issue with online payments,payment_issue,payment_issue
I need to make a complaint agaisnt your company,complaint,complaint
I need help reporting a trouble with online payment,payment_issue,payment_issue
in what situations can I request to be refunded ?,refund,check_refund_policy
help me getting reimbursements of my money,refund,get_refund
i want assisgance cancelling order {{Order Number}},cancel_order,cancel_order
wanna know more about updating my delivery address,address_change,change_shipping_address
can i lodge a claim against ur business,complaint,complaint
want assistance seeing ur money back guarantee,refund,check_refund_policy
wanna report a trouble with payment i need assistance,payment_issue,payment_issue
assistance to see the ETA of the purchase {{Order Number}},tracking,track_order
"I need to see order {{Order Number}} bloody status, can you help me?",tracking,track_order
I want assistance notifying of an error with online payment,payment_issue,payment_issue
where do i receive a compensation of moneyh,refund,get_refund
"I do not want the item I purchased, can I cancel the order?",cancel_order,cancel_order
where do I inform of payment errors?,payment_issue,payment_issue
I do not know how I can track my rebate,refund,track_refund
wanna get a rebate of my mney,refund,get_refund
i need help to notify of an issue with payment,payment_issue,payment_issue
icannot afford order {{Order Number}} could i cancel it,cancel_order,cancel_order
see order {{Order Number}} current status,tracking,track_order
i dont knnow how to notify of an error with online payment,payment_issue,payment_issue
help updating my shipping address,address_change,change_shipping_address
icant see the eta of purchase {{Order Number}},tracking,track_order
I cannot see purchase {{Order Number}} goddamn current status,tracking,track_order
in what cases can i request to be refunded,refund,check_refund_policy
I do not know what I need to do to check your refund policy,refund,check_refund_policy
issue updating address,address_change,change_shipping_address
where to edit my delivery address?,address_change,change_shipping_address
can ushow me the ETA of purchase {{Order Number}},tracking,track_order
assistance to see in which situations can i request refunds,refund,check_refund_policy
need assistance withcanceling purchase {{Order Number}},cancel_order,cancel_order
need assistance to check in what cases can I ask for refunds,refund,check_refund_policy
reimbursing {{Currency Symbol}}{{Refund Amount}},refund,get_refund
I want assistance trying to change my shipping address,address_change,change_shipping_address
where do i inform of a trouble with payments,payment_issue,payment_issue
i dont know how to inform of a payment problem,payment_issue,payment_issue
i want supports trying to update the shipping address,address_change,change_shipping_address
assistance to obtain a restitution of my money,refund,get_refund
"I entered a wrong delivery address, can you correct it?",address_change,change_shipping_address
I'd like to lodge a damn consumer claim how could i do it,complaint,complaint
help me check in which situations can i ask to be refunded,refund,check_refund_policy
i do not know how i can get a restitution of my money,refund,get_refund
"I need to see your reimbursement policy, how do I do it?",refund,check_refund_policy
can you help me lodging a consumer complaint?,complaint,complaint
I have to report payment problems,payment_issue,payment_issue
I want help to notify of an issue with payments,payment_issue,payment_issue
how can i see the status of purchase {{Order Number}},tracking,track_order
i purchased some fucking item cancel order {{Order Number}},cancel_order,cancel_order
their is an error trying to update the shipping address,address_change,change_shipping_address
I want help cancellkng purchase {{Order Number}},cancel_order,cancel_order
could uhelp me asking for a damn restitution of money,refund,get_refund
making customer complaint against your company,complaint,complaint
"I bought some articles, help me to cancel order {{Order Number}}",cancel_order,cancel_order
I am trying to check order {{Order Number}} current status,tracking,track_order
i dont know how to inform of an issue with payments,payment_issue,payment_issue
assistance lodging a customer claim,complaint,complaint
i have put the old address by mistkae help me modifying it,address_change,change_shipping_address
can uhelp me to correct my delivery address,address_change,change_shipping_address
I have issues correcting the address,address_change,change_shipping_address
"I can no longer afford purchase {{Order Number}}, cancel it",cancel_order,cancel_order
need to make a claim against ur organization,complaint,complaint
I need help to obtain a reimbursement of my money,refund,get_refund
showing refund status,refund,track_refund
I havbe problems updating my delivery address,address_change,change_shipping_address
i do not know how i can see the current status of the rebate,refund,track_refund
I do not know how to get a restitution of money,refund,get_refund
I want to inform of an issue with online payment,payment_issue,payment_issue
can you give me information about editibg the address?,address_change,change_shipping_address
could ya help me to solve an issue with payments,payment_issue,payment_issue
i do not know how i cancheck the eta of purchase {{Order Number}},tracking,track_order
I have to inform of damn problems with payment,payment_issue,payment_issue
I call to make a customer complaint,complaint,complaint
"I would like to see your damn refund policy, I need help",refund,check_refund_policy
help to see if there is anything new on the damn refund,refund,track_refund
assistance to see your refund policy,refund,check_refund_policy
"I want to checj your money back policy, I need assistance",refund,check_refund_policy
"I purchased some item, help canceling one of the orders",cancel_order,cancel_order
in which situations can I request reimbursements?,refund,check_refund_policy
I have issues trying to update my shipping address,address_change,change_shipping_address
help me see under what circumtsances can I ask for refunds,refund,check_refund_policy
I'd liketo see the ETA of the purchase {{Order Number}} help me,tracking,track_order
"I paid {{Refund Amount}} dollars for an article, I try to obtain a rebate",refund,get_refund
I want assistance to file a reclamation against your company,complaint,complaint
help seeing in what situations can I ask to be refunded,refund,check_refund_policy
what do I ned to do to cancel order {{Order Number}}?,cancel_order,cancel_order
"I chose a wrong shipping address, how do I update it?",address_change,change_shipping_address
"I ain't happy with your services, help lodging a complaint",complaint,complaint
wanna check in wshat situations can i ask for a refund,refund,check_refund_policy
need to check in what cases can i request to be refunded,refund,check_refund_policy
"I have to see the bloody status of the refund, how to do it?",refund,track_refund
i want help solving errors with online payments,payment_issue,payment_issue
"I can't afford my last item, cancel purchase {{Order Number}}",cancel_order,cancel_order
assistance to make a customer claim agaisnt ur organization,complaint,complaint
i cannot see if there is anything new on my refund,refund,track_refund
can you help me to ask for compensations?,refund,get_refund
"I paid {{Currency Symbol}}{{Refund Amount}} for this order, I have got to get a rebate",refund,get_refund
I try to check in which cases can I ask for my money back,refund,check_refund_policy
help me to file a claim against ur organization,complaint,complaint
i need supports correcting the address,address_change,change_shipping_address
I want help seeing in which cases can I ask to be refunded,refund,check_refund_policy
can you help me seeing in what cases can I request refunds?,refund,check_refund_policy
could uhelp me checkingb the eta of the purchase {{Order Number}},tracking,track_order
I am waiting for an refund of {{Currency Symbol}}{{Refund Amount}},refund,track_refund
where could i see the eta of order {{Order Number}},tracking,track_order
how can i get a refund,refund,get_refund
i want help to check in what cases can i ask for a reufnd,refund,check_refund_policy
could you help me request a compensation of my money?,refund,get_refund
assistance to notify of problems with payment,payment_issue,payment_issue
show me in which situations can I ask for reimbursements,refund,check_refund_policy
i dont know what i have to do to receive a compensation,refund,get_refund
i dont know how i can see the current status of the rebate,refund,track_refund
where to see the ETA of the order {{Order Number}},tracking,track_order
inform of problems with payments,payment_issue,payment_issue
"I can't pay, could you help me report payment errors?",payment_issue,payment_issue
I cannot pay for purchase {{Order Number}},cancel_order,cancel_order
where can i find infirmation about correcting the address,address_change,change_shipping_address
I am trying to update my delivery address,address_change,change_shipping_address
how can I file a complaint against your organization?,complaint,complaint
how can i edit my delivery address,address_change,change_shipping_address
I need assistance locating order {{Order Number}},tracking,track_order
i have an issue editing my address,address_change,change_shipping_address
can you help me cancelling oredr {{Order Number}}?,cancel_order,cancel_order
problem with payments,payment_issue,payment_issue
I don't know what to do to check your fucking refund policy,refund,check_refund_policy
want help obtaining rebates,refund,get_refund
check status of order,tracking,track_order
help me obtain a compensation of money,refund,get_refund
I'm extremely unsatisfied with ur wor i wanna lodge a claim,complaint,complaint
I'm waiting for a fucking compensatio of {{Refund Amount}} dollars,refund,track_refund
I can no longer pay for order {{Order Number}},cancel_order,cancel_order
I want to file a consumer complaint,complaint,complaint
were do i obtain my money back,refund,get_refund
i need assistance changing the delivery address,address_change,change_shipping_address
how do i cancel order {{Order Number}},cancel_order,cancel_order
hlw do i check the ETA of purchase {{Order Number}},tracking,track_order
help to lodge a complaint,complaint,complaint
"the payment failed, assistance informing of an issue",payment_issue,payment_issue
help with a delivery address correction,address_change,change_shipping_address
I'm looking for infdormation about editing the address,address_change,change_shipping_address
I can't check if there is anything wrong with my rebate,refund,track_refund
when am I going to get a reimbursement?,refund,get_refund
how do I check purchase {{Order Number}} current status?,tracking,track_order
I need to see if there is anything new on the compensation,refund,track_refund
i need help to noptify of problems with online payments,payment_issue,payment_issue
I need support trying to modify my address,address_change,change_shipping_address
"I can't pay, assistance notifying of an issue with payment",payment_issue,payment_issue
i have to check in what cases can i ask for reimbursements,refund,check_refund_policy
what do I need to do to file a claim?,complaint,complaint
how can i file a reclamation against ur company,complaint,complaint
help to see the ETA of the order {{Order Number}},tracking,track_order
i try to check in which cases can i ask for an reimbursement,refund,check_refund_policy
informing of issues with payments,payment_issue,payment_issue
how can i see order {{Order Number}} status,tracking,track_order
how can i ask for rebates of my money,refund,get_refund
i try to check the status of order {{Order Number}},tracking,track_order
report an error with payments,payment_issue,payment_issue
help to demand reimbursements of money,refund,get_refund
show me in which cases can I request my money back,refund,check_refund_policy
can i check how long reimbursements usually take,refund,check_refund_policy
"the shipping address has changed, how can I correct it?",address_change,change_shipping_address
want assistance to request a rebate,refund,get_refund
I need help to track purchase {{Order Number}},tracking,track_order
I need help to see in which cases can I request refunds,refund,check_refund_policy
make customer claim against your organization,complaint,complaint
I do not know what to do to lodge a customer claim,complaint,complaint
I don't know what I need to do to correct my address,address_change,change_shipping_address
I have to make a claim,complaint,complaint
could you help me solve troubles with payments?,payment_issue,payment_issue
in what cases can I ask to be reimbursed?,refund,check_refund_policy
help to edit the delivery aderess,address_change,change_shipping_address
i have a question about thepayments,payment_issue,payment_issue
in which cases can i request to be refunded,refund,check_refund_policy
lodging claim against ur business,complaint,complaint
i dont want ordr {{Order Number}} could uhelp me cancel it,cancel_order,cancel_order
help to see purchase {{Order Number}} damn status,tracking,track_order
want help to get my money back,refund,get_refund
I am waiting for a reimburswment of {{Currency Symbol}}{{Refund Amount}},refund,track_refund
where could i update the adress,address_change,change_shipping_address
I don't know how I can inform of issues with online payment,payment_issue,payment_issue
can you help me make a complaint against your company?,complaint,complaint
needto locate order {{Order Number}} how can i do it,tracking,track_order
help seeing in which cases can I request a reimbursement,refund,check_refund_policy
can ya help me seeing the refnd status,refund,track_refund
can you help me to solve errors with payment?,payment_issue,payment_issue
I need help to report a trouble with online payment,payment_issue,payment_issue
help seeing the ETA of order {{Order Number}},tracking,track_order
i dont know what to do to notify of issues with payment,payment_issue,payment_issue
locating purchase {{Order Number}},tracking,track_order
help to see your fucking money back policy,refund,check_refund_policy
need assistance to see the eta of purcase {{Order Number}},tracking,track_order
i do not know what to do to inform of a payment issue,payment_issue,payment_issue
I need help to check the current status of order {{Order Number}},tracking,track_order
i need help to demand restitutions of my money,refund,get_refund
want assistance to get my money back,refund,get_refund
"I purchased some articles, cancel order {{Order Number}}",cancel_order,cancel_order
see in which cases can I request a reimbursement,refund,check_refund_policy
the deliuvery address changed,address_change,change_shipping_address
I need assistance to omdify my address,address_change,change_shipping_address
can you help me demand a reimbursement of money?,refund,get_refund
want help to file a consumer claim,complaint,complaint
cancel purchase370795561790,cancel_order,cancel_order
have a question abut canceling purchase {{Order Number}},cancel_order,cancel_order
I have errors trying to modify my delivery address,address_change,change_shipping_address
can I check order {{Order Number}} current status?,tracking,track_order
help me rport a trouble with online payments,payment_issue,payment_issue
I need assistance to get reimbursements,refund,get_refund
assistance to see your money back guarantee,refund,check_refund_policy
I need assistance to inform of a payment issue,payment_issue,payment_issue
how to repoft troubles with online payment,payment_issue,payment_issue
can you help me to check order {{Order Number}} status?,tracking,track_order
show me under whcih circumstances can i ask to be refunded,refund,check_refund_policy
I habe got to file a complaint,complaint,complaint
I'm trying to make a consumer clain,complaint,complaint
what do I need to do to update the shipping address?,address_change,change_shipping_address
help seeing in what situations can I request reimbursements,refund,check_refund_policy
"I cannot make a payment, I want help to report a problem",payment_issue,payment_issue
where could I get a compensation of my money?,refund,get_refund
help me seeing if there is anything new on the reimbursement,refund,track_refund
where can I report an error with payments?,payment_issue,payment_issue
I want to obtain a reimbursement of money,refund,get_refund
I'd like to obtain an reimbursement of money,refund,get_refund
i do not know how to lodge a consumer cmplaint,complaint,complaint
where do I lodge an reclamation?,complaint,complaint
help me to notify of issues with payments,payment_issue,payment_issue
where to make a relcamation against your company?,complaint,complaint
what do i need to do to inform of problems wiht payment,payment_issue,payment_issue
is it possible to lodge a customer claim,complaint,complaint
i try to see in what cases can i ask for a refund,refund,check_refund_policy
i need assistance to locate purchase {{Order Number}},tracking,track_order
help me obtaining a compensation of money,refund,get_refund
can I file a complaint against your businhess?,complaint,complaint
Iexpect a restitution of {{Refund Amount}} dollars,refund,track_refund
I need to see the current status of the compensation,refund,track_refund
help me seeing if there are any updates on the compensation,refund,track_refund
I don't know how I can inform of issues with payments,payment_issue,payment_issue
I want help to see the ETA of purchase {{Order Number}},tracking,track_order
can I check in which cases can I ask for a reimbursement?,refund,check_refund_policy
help checking the status of the restitution,refund,track_refund
is it possible to see purchase {{Order Number}} status?,tracking,track_order
lodging consumer complaint against ur business,complaint,complaint
chcek order {{Order Number}} current status,tracking,track_order
I want assistance to file a fucking claim,complaint,complaint
need assistance trying to corrcet my delivery address,address_change,change_shipping_address
check in which situations can i request reimbursements,refund,check_refund_policy
could I check in what cases can I request reimbursements?,refund,check_refund_policy
i dont know how i can see the eta of the order {{Order Number}},tracking,track_order
"I have paid {{Currency Symbol}}{{Refund Amount}} for this article, how to obtain a rebate?",refund,get_refund
can you help me obtain a compensation of my money?,refund,get_refund
help seeing in which cases can I ask for reimbursements,refund,check_refund_policy
i chose a wfong fucking address i wanna correct it,address_change,change_shipping_address
i dont knoq how i can report errors with payments,payment_issue,payment_issue
assistance to inform of a damn payment issue,payment_issue,payment_issue
i wajt help modifying the shipping address,address_change,change_shipping_address
how to report troubles with payments,payment_issue,payment_issue
I would like to request a refund,refund,get_refund
assistance seeing the refund current status,refund,track_refund
I need help to se how long the bloody reimbursements take,refund,check_refund_policy
I do not know what I have to do to notify of payment issues,payment_issue,payment_issue
i do not know how i can inform of issues with online payment,payment_issue,payment_issue
help me file a customer complaint,complaint,complaint
need assistance to lodge a customer claim against ur company,complaint,complaint
i want help to check the current status of my compensation,refund,track_refund
I want to make a customer claim,complaint,complaint
what do i need to do to receive refunds,refund,get_refund
i need assistance to see the ETA of orderr {{Order Number}},tracking,track_order
what do i need to do to report an issue with online payment,payment_issue,payment_issue
I can't check if there is anything new on the compensation,refund,track_refund
help me see in which situations can I ask to be refunded,refund,check_refund_policy
wanna locate purchase {{Order Number}} can i get some help,tracking,track_order
I have a queston about the payment,payment_issue,payment_issue
I am trying to see the current status of the rebate,refund,track_refund
check my refund status,refund,track_refund
i have issues modifying my delivery address,address_change,change_shipping_address
can you help me file a consumer claim against your business?,complaint,complaint
i have got to file a customer claim,complaint,complaint
help me to edit the delivery address,address_change,change_shipping_address
I need to lodge a goddamn conplaint against your business,complaint,complaint
I need assistance to file a claim against your business,complaint,complaint
there are issues trying to update the goddamn address,address_change,change_shipping_address
solving payment errors,payment_issue,payment_issue
help me making a consumer claim against your company,complaint,complaint
can ya help me notify of an issue with payment,payment_issue,payment_issue
I want help to see the ETA of order {{Order Number}},tracking,track_order
how to know if there is anything new on the rebate?,refund,track_refund
i need assistance filing a consumer claim against ur company,complaint,complaint
is it possibe to inform of errors with payment?,payment_issue,payment_issue
want help reporting an error with online payments,payment_issue,payment_issue
i do not know what to do to make a claim against ur company,complaint,complaint
I am looking for information about an address modification,address_change,change_shipping_address
can ya help me tracking order {{Order Number}},tracking,track_order
i need help informing of errors with payment,payment_issue,payment_issue
I want to track my restitution,refund,track_refund
how can I make a customer complaint against your company?,complaint,complaint
notify of trouble with payment,payment_issue,payment_issue
"I don't want this article, cancel order {{Order Number}}",cancel_order,cancel_order
I want to make a customer claim against your business,complaint,complaint
need assistance to track order {{Order Number}},tracking,track_order
I canno longer afford purchase {{Order Number}},cancel_order,cancel_order
want help to solve a payment problem,payment_issue,payment_issue
help me cancel purchase {{Order Number}},cancel_order,cancel_order
I want assistance making a complaint against your business,complaint,complaint
I am trying to notify of problems with onine payments,payment_issue,payment_issue
where do I receive a refund of my money?,refund,get_refund
want help to report an error with payments,payment_issue,payment_issue
need to demand revates of my money,refund,get_refund
I do not know how I can file a claim,complaint,complaint
I want to inform of problems with payment,payment_issue,payment_issue
I don't know what I need to do to inform of payment errors,payment_issue,payment_issue
"I cannot pay, help to inform of problems with payment",payment_issue,payment_issue
help me to file a customer claim against your business,complaint,complaint
can you help me to notify of issues with online payment?,payment_issue,payment_issue
"I want to check order {{Order Number}} current status, help me",tracking,track_order
I have got to file a customer complaint,complaint,complaint
I'm trying to request my money back,refund,get_refund
I need support trying to update my shipping address,address_change,change_shipping_address
question about canceling purchase {{Order Number}},cancel_order,cancel_order
i need help to notify of payment errors,payment_issue,payment_issue
help to make a consumer complaint against your business,complaint,complaint
I need to see in which situations can I ask for a refund,refund,check_refund_policy
help to lodge a consumer complaint against your orgqnization,complaint,complaint
i cant make a payment where do i inform of a problem,payment_issue,payment_issue
rebate {{Currency Symbol}}{{Refund Amount}},refund,get_refund
can you help me seeing in which cases can I request refunds?,refund,check_refund_policy
how do I make a consumer claim against your business?,complaint,complaint
where to demand reimbursements of money?,refund,get_refund
I need to edit the delivery address,address_change,change_shipping_address
I need to see if there are any updates on the rebate,refund,track_refund
I need help to solve errors with payments,payment_issue,payment_issue
I do not know how I ca cancel order {{Order Number}},cancel_order,cancel_order
can I track the reimbursement?,refund,track_refund
I do not know what to do to ask for refunds,refund,get_refund
I don't know how I can check your refund policy,refund,check_refund_policy
can you help me updating the shipping address?,address_change,change_shipping_address
I have to file a customer claim,complaint,complaint
I would like to request a damn refund of money,refund,get_refund
I try to see order {{Order Number}} status,tracking,track_order
can ya help me to see the ETA of order {{Order Number}},tracking,track_order
help seeing under what circumstances can I request refunds,refund,check_refund_policy
how long until I receive areimbursement of money?,refund,get_refund
i need assistance solving an error with payments,payment_issue,payment_issue
where can I check if there are any news on the rebate?,refund,track_refund
could you tell me about correcting my shipping address?,address_change,change_shipping_address
help me seeing how long reimbuursements take,refund,check_refund_policy
I want to know about modifying the delivery address,address_change,change_shipping_address
I want help making a ucstomer claim against your company,complaint,complaint
I cannot see the current status of order {{Order Number}},tracking,track_order
I want help to see in which situations can I ask for refunds,refund,check_refund_policy
i do not know what to do to receive compensations of money,refund,get_refund
i need assistance notifying of a payment probelm,payment_issue,payment_issue
I need to notify of problems with payments,payment_issue,payment_issue
I have an error updating my address,address_change,change_shipping_address
need to see how long refunds take can i get somehelp,refund,check_refund_policy
i have an issue modifying the shipping address,address_change,change_shipping_address
I need assistance with a shipping address update,address_change,change_shipping_address
I want to know more about updating my address,address_change,change_shipping_address
help me notify of issues with online payments,payment_issue,payment_issue
I do not know what to do tro cancel order {{Order Number}},cancel_order,cancel_order
"I want to see how long refunds usually take, how to do it?",refund,check_refund_policy
i neee assistance to report problems with online payment,payment_issue,payment_issue
want assistance to lodge a claimn against ur organization,complaint,complaint
see the eta of the purchase {{Order Number}},tracking,track_order
what do I need to do to cancel purchase {{Order Number}}?,cancel_order,cancel_order
need help asking for a reimbursement ofmy money,refund,get_refund
I can't check the ETA of the orfer {{Order Number}},tracking,track_order
help to file a complaint against ur company,complaint,complaint
I have got to obtain a compensation of money,refund,get_refund
how to check the status of purchase {{Order Number}}?,tracking,track_order
"I have got to locate purchase {{Order Number}}, I need help",tracking,track_order
what do I have to do to inform of payment errors?,payment_issue,payment_issue
help me to check if there are nay news on the refund,refund,track_refund
I'd like to track purchase {{Order Number}} i need assistance,tracking,track_order
where do I correct my address?,address_change,change_shipping_address
where can I get information about updating my address?,address_change,change_shipping_address
i need assistance seeing my refund current status,refund,track_refund
help to check the status of my compensation,refund,track_refund
"I want to see your money back guarantee, can you help me?",refund,check_refund_policy
can I check purchase {{Order Number}} current status?,tracking,track_order
how to report errors with payment,payment_issue,payment_issue
"I have paid {{Currency Symbol}}{{Refund Amount}} for this item, how to get my money back?",refund,get_refund
wanna change my delivery dadress could i get some help,address_change,change_shipping_address
i have to see order {{Order Number}} current status i need help,tracking,track_order
need assistance receiving a bloody rebate of money,refund,get_refund
assistance checking in what cases can I ask for a refund,refund,check_refund_policy
I have a trouble trying to change my delivery address,address_change,change_shipping_address
I want help to file a complaint against your organization,complaint,complaint
can you tell me about correcting the address?,address_change,change_shipping_address
problems with cancelling order {{Order Number}},cancel_order,cancel_order
need help filing a customer claim against ur company,complaint,complaint
where could I cancel purchase {{Order Number}}?,cancel_order,cancel_order
can uhelp me report problems with payments,payment_issue,payment_issue
wanna chedk order {{Order Number}} status help me,tracking,track_order
how to make a customer claim against your organization?,complaint,complaint
I need to check the status of purchase {{Order Number}},tracking,track_order
cancel order {{Order Number}},cancel_order,cancel_order
assistyance to file a damn claim against ur organization,complaint,complaint
I do not know what I need to do to report payment problems,payment_issue,payment_issue
how do I check if there are any updates on the restitution?,refund,track_refund
I am trying to inform of a trouble with online payment,payment_issue,payment_issue
want help to solve a payment error,payment_issue,payment_issue
I want to know more about editing my shipping address,address_change,change_shipping_address
assistance seeing if there is anything new on the rebate,refund,track_refund
i have got to see ur refund policy can uhelp me,refund,check_refund_policy
how to check the status of order {{Order Number}}?,tracking,track_order
"my delivery address changed, can you help me editing it?",address_change,change_shipping_address
where do I lodge a consumer claim against your business?,complaint,complaint
can ya help em inform of a trouble with online payments,payment_issue,payment_issue
can uhelp me ot request a damn compensation of money,refund,get_refund
i try to track purchase {{Order Number}},tracking,track_order
show status of refund,refund,track_refund
help to edit the delivery address,address_change,change_shipping_address
i dont know how to check purchase {{Order Number}} status,tracking,track_order
I need assistance seeing purchase {{Order Number}} bloody status,tracking,track_order
I try to see in what situations can I ask to be refunded,refund,check_refund_policy
I cannot check if there are any news on my rebate,refund,track_refund
I need help seeing your money back guarantee,refund,check_refund_policy
where do I receive rebates of my money?,refund,get_refund
need help to see in what cases can I ask to be reimbursed,refund,check_refund_policy
I donot know how to check order {{Order Number}} status,tracking,track_order
i need assistancenotifying of a goddamn issue with payment,payment_issue,payment_issue
order cancellation,cancel_order,cancel_order
"I can't afford order {{Order Number}}, how can I cancel it?",cancel_order,cancel_order
i need help trackng order {{Order Number}},tracking,track_order
I have a problem with a delivery address update,address_change,change_shipping_address
"I want to see order {{Order Number}} status, I need help",tracking,track_order
how can i make a consumer complaint against ur company,complaint,complaint
"I want to correct my address, I need help",address_change,change_shipping_address
need help seeing my rebate status,refund,track_refund
need help seeing purchase {{Order Number}} status,tracking,track_order
"I want to check the goddamn rebate status, how to do it?",refund,track_refund
help me seeing in which cases can I request my money back,refund,check_refund_policy
I need assistance reporting errors with online payment,payment_issue,payment_issue
show me the eta of the order {{Order Number}},tracking,track_order
I don't know how to report an issue with online payments,payment_issue,payment_issue
"I want to check how long reimbursements take, I need help",refund,check_refund_policy
want assistance seeing my compensation current status,refund,track_refund
iwant assistance canceling order {{Order Number}},cancel_order,cancel_order
seeing status of purchase {{Order Number}},tracking,track_order
i need help canceling purchase {{Order Number}},cancel_order,cancel_order
i dont know how i can check my refund current status,refund,track_refund
see in what situations can I request my money back,refund,check_refund_policy
help filing a consumer complaint against ur business,complaint,complaint
I am trying to report errors with payments,payment_issue,payment_issue
I need help canceling order {{Order Number}},cancel_order,cancel_order
I dp not know how to cancel order {{Order Number}},cancel_order,cancel_order
help seeing in what situations can I request to be refunded,refund,check_refund_policy
there is an error trying to update my shipping address,address_change,change_shipping_address
how to checkur goddamn money back guarantee,refund,check_refund_policy
need to check under what circumstances can i request refunds,refund,check_refund_policy
how do I see your reimbursement policy?,refund,check_refund_policy
I need to see the current status of order {{Order Number}},tracking,track_order
how to inform of payment probloems?,payment_issue,payment_issue
I need help cacneling order {{Order Number}},cancel_order,cancel_order
"I have paid {{Currency Symbol}}{{Refund Amount}} for a purchase, where to obtain a rebate?",refund,get_refund
help checking in which cases can i request a reimbursement,refund,check_refund_policy
i need help reporting a trouble with online payments,payment_issue,payment_issue
there is anything new on the reimbursement,refund,track_refund
"I can't pay, how do I inform of payment errors?",payment_issue,payment_issue
I do not know how to inform of errors with online payments,payment_issue,payment_issue
I need help solving a troouble with online payments,payment_issue,payment_issue
I don't know what to do to get compensations of my money,refund,get_refund
I need help to see if there are any updates on my rebate,refund,track_refund
have problems with canceling purchase {{Order Number}},cancel_order,cancel_order
help me lodge a consumer claim against ur organization,complaint,complaint
assistance to see how log reimbursements take,refund,check_refund_policy
I'm trying to request rebates of my money,refund,get_refund
I'm waiting for a compensation of {{Currency Symbol}}{{Refund Amount}},refund,track_refund
want assistance reporting troubles with payment,payment_issue,payment_issue
change shipping address,address_change,change_shipping_address
assistance to track the rebate,refund,track_refund
I need to check your reimbursement policy,refund,check_refund_policy
wanna check ur refund policy i need help,refund,check_refund_policy
I want assistance to ask for a rebate,refund,get_refund
i do not know how to notify of payment errors,payment_issue,payment_issue
I have got to file a complaint against your company,complaint,complaint
help me change the address,address_change,change_shipping_address
"I need to file a customer reclamation, how do I do it?",complaint,complaint
how do I demand a bloody compensation of my money?,refund,get_refund
support trying to change my delivefy address,address_change,change_shipping_address
I have problems with canceling purchase {{Order Number}},cancel_order,cancel_order
check in which situations can I ask for refunds,refund,check_refund_policy
where to lodge a complaint against ur company,complaint,complaint
help me file a claim agazinst ur company,complaint,complaint
i dont know how to check the current status of my rebate,refund,track_refund
help me tracking order {{Order Number}},tracking,track_order
need to check how long the goddamn refunds take help me,refund,check_refund_policy
i did not get a payment confirmation could i report errors,payment_issue,payment_issue
i cant see ur money back policy,refund,check_refund_policy
"I entered a wrong address by mistake, could I update it?",address_change,change_shipping_address
i want assistance to obtain rebates,refund,get_refund
can ya help me inform of a trouble with payment,payment_issue,payment_issue
I want to make a customer complaint,complaint,complaint
could you show me inwhat cases can I ask for refunds?,refund,check_refund_policy
I need assistance seeing my reimbursement current status,refund,track_refund
"I can't pay, can you help me report a problem with payment?",payment_issue,payment_issue
I need help to receive a compensation of money,refund,get_refund
how to cancel order {{Order Number}},cancel_order,cancel_order
i can no longer afford order {{Order Number}} could i cancel it,cancel_order,cancel_order
how do I make a complaint against your business?,complaint,complaint
"my experience with your company was awful, file a complaint",complaint,complaint
can you help me cancel order {{Order Number}}?,cancel_order,cancel_order
i need assistance trying to update the shipping address,address_change,change_shipping_address
is it possible to demand a rebate of my money?,refund,get_refund
I'm waiting for a goddamn compensation of {{Refund Amount}} dollars,refund,track_refund
help me check in what cases can I request a reimbursement,refund,check_refund_policy
I don't know how I could modify my shipping address,address_change,change_shipping_address
I call to make a customer claim,complaint,complaint
can you help me seeing the ETA of purchase {{Order Number}}?,tracking,track_order
I want help to obtain a reimbursement,refund,get_refund
what do i need to do to ask for a rebate of money,refund,get_refund
"I am waiting for a refund of {{Currency Symbol}}{{Refund Amount}}, has it been porocessed?",refund,track_refund
howcan i receive a reimbursement,refund,get_refund
where can I notify of issues with online payment?,payment_issue,payment_issue
i dont know what to do to check ur refund policy,refund,check_refund_policy
I need assistance obtaining compensations of my money,refund,get_refund
i have aa trouble editing my delivery address,address_change,change_shipping_address
how to see the status of order {{Order Number}},tracking,track_order
see how long refunds take,refund,check_refund_policy
their is a problem trying to update my delivery address,address_change,change_shipping_address
assistance to report an error with payment,payment_issue,payment_issue
how can i inform of problems with payments,payment_issue,payment_issue
"I have got to see the refund current status, how do I do it?",refund,track_refund
i dont know what to do to obtain a reimbursement of money,refund,get_refund
I try to notify of errors with online payment,payment_issue,payment_issue
i need help to see in what situationw can i ask for refunds,refund,check_refund_policy
want assistance seeing the status of order {{Order Number}},tracking,track_order
when will i obtain a reimbursement of money,refund,get_refund
want help norifying of a payment issue,payment_issue,payment_issue
I try to file a complaint against your company,complaint,complaint
want assistance to report a trouble with online payments,payment_issue,payment_issue
I need help to get a refund,refund,get_refund
where to see order {{Order Number}} status?,tracking,track_order
could I see the current status of order {{Order Number}}?,tracking,track_order
I do not know what I need to do to track the restitution,refund,track_refund
what do i have to do to see ur money back guarantee,refund,check_refund_policy
"I have paid {{Currency Symbol}}{{Refund Amount}} for an order, I want a compensation",refund,get_refund
how can I modify my address?,address_change,change_shipping_address
where can I make a customer complaint against your business?,complaint,complaint
"I want to modify the address, how can I do it?",address_change,change_shipping_address
I want assistance updating the shipping address,address_change,change_shipping_address
i want help seeing the restitution current status,refund,track_refund
help receiving reinbursements of my money,refund,get_refund
I have to see in which cases can I ask for a reimbursement,refund,check_refund_policy
"I ordered some products, how to cancel purchase {{Order Number}}?",cancel_order,cancel_order
"I can't make a transfer, help to inform of a payment error",payment_issue,payment_issue
i want supports trying to update my shippingaddress,address_change,change_shipping_address
how do I locate order {{Order Number}}?,tracking,track_order
"I am unsatisfied with your service, how do I make a claim?",complaint,complaint
I want assistance reporting a prbolem with payment,payment_issue,payment_issue
question about canceling order {{Order Number}},cancel_order,cancel_order
what do i have to do to report a trouble with payments,payment_issue,payment_issue
how could I file a consumer complaint?,complaint,complaint
need assistance to check the ETA of order {{Order Number}},tracking,track_order
i bought some product help me canceling order {{Order Number}},cancel_order,cancel_order
I need to report errors with payment,payment_issue,payment_issue
i want help requesting refunds,refund,get_refund
could ya help me to report an isue with payment,payment_issue,payment_issue
want assistance to demand a refund of my money,refund,get_refund
I don't know how I can ask for restitutions of my money,refund,get_refund
"I have to see the status of my reimbursement, I need help",refund,track_refund
need help to file a damn claim against your organization,complaint,complaint
I cannot edit the shipping address,address_change,change_shipping_address
help me to check the ETA of the order {{Order Number}},tracking,track_order
help me see the status of purchase {{Order Number}},tracking,track_order
can ya help me to solve probelms with payment,payment_issue,payment_issue
"I can't make a transfer, I need to inform of payment issues",payment_issue,payment_issue
where can I ask for restitutions of my money?,refund,get_refund
i want assistance gettingg reimbursements of my money,refund,get_refund
"my experience with you was bad, how do I make a complaint?",complaint,complaint
"I cannot pay, help reporting goddamn problems with payments",payment_issue,payment_issue
I would like to locate purchase {{Order Number}},tracking,track_order
help me seeing your money back guarantee,refund,check_refund_policy
"I have to see the ETA of the order {{Order Number}}, help me",tracking,track_order
help me to request a rebate of my money,refund,get_refund
I have got to reuqest rebates of money,refund,get_refund
I want help to make a reclamation,complaint,complaint
can you help me notify of a payment issue?,payment_issue,payment_issue
I can't check if there are any news on my restitution,refund,track_refund
need support trying to modifythe address,address_change,change_shipping_address
i cannot pay for these product how do i cancel the order,cancel_order,cancel_order
I need to see in what cases can I request reimbursements,refund,check_refund_policy
where can i see the current status of purchase {{Order Number}},tracking,track_order
"I want to update the address, I need assistance",address_change,change_shipping_address
I need to see in what situations can I request refunds,refund,check_refund_policy
help me to filea consumer reclamation,complaint,complaint
I want to check in which cases can I request my money back,refund,check_refund_policy
can you help me to inform of an error with online payment?,payment_issue,payment_issue
i need assistance to notify of an trouble with payment,payment_issue,payment_issue
assistance to demand reimbursements,refund,get_refund
can ya help me to check the ETA of the order {{Order Number}},tracking,track_order
"the delivery address changed, could I change it?",address_change,change_shipping_address
I am trying to edit the delivery adress,address_change,change_shipping_address
I have to see in whzt cases can I request to be reimbursed,refund,check_refund_policy
"I have entered a wrong goddamn address, how could I edit it?",address_change,change_shipping_address
there is an issue changing the shipping address,address_change,change_shipping_address
"I paid {{Currency Symbol}}{{Refund Amount}} for this item, help me receiving a compensation",refund,get_refund
i cant edit my delivery address,address_change,change_shipping_address
I have to see in which cases can I ask to be refunded,refund,check_refund_policy
need help to notify of an issue with payments,payment_issue,payment_issue
help updating my address,address_change,change_shipping_address
need help to check if there are any news on the restitution,refund,track_refund
i need assistance to file a complaint,complaint,complaint
"my shipping address has changed, I want to edit it",address_change,change_shipping_address
check order status,tracking,track_order
help me to lodgea complaint against ur business,complaint,complaint
how can I report a trouble with online payment?,payment_issue,payment_issue
I would like to see the status of the rebate,refund,track_refund
I expect an refund of {{Refund Amount}} dollars,refund,track_refund
can ya help me update my delivery address,address_change,change_shipping_address
I want to check in what situations can I request a refund,refund,check_refund_policy
needx help to check the ETA of purchase {{Order Number}},tracking,track_order
I do not know how I can check the status of my rebate,refund,track_refund
I am trying to lodge a customer reclamation,complaint,complaint
where can I cancel order {{Order Number}}?,cancel_order,cancel_order
assistance checking the status of purchase {{Order Number}},tracking,track_order
support editing the delivery address,address_change,change_shipping_address
I can't pay for purchase {{Order Number}},cancel_order,cancel_order
what do I need to do to file a consumer claim?,complaint,complaint
where to ask for rebates of my money?,refund,get_refund
I need assistance to inform of issues with online payments,payment_issue,payment_issue
I am trying to locate order {{Order Number}},tracking,track_order
how can I check your reimbursement policy?,refund,check_refund_policy
i need assistance making a consumer claim against ur compan,complaint,complaint
there are troubles correcting the shipping address,address_change,change_shipping_address
were do i lodge a consumer complaint against ur company,complaint,complaint
I want to see under what circumstances can I ask for refunds,refund,check_refund_policy
can you help me to make a customer complaint?,complaint,complaint
how can i ask for a ocmpensation of my money,refund,get_refund
could you tell me more about changing my delivery address?,address_change,change_shipping_address
help with an address modification,address_change,change_shipping_address
i need assistance to checck ur money back policy,refund,check_refund_policy
I want assistance solving errors with payments,payment_issue,payment_issue
how could I file a claim against your organization?,complaint,complaint
help me seeing the ETA of the purchase {{Order Number}},tracking,track_order
want assistance to see how long reimbirsements take,refund,check_refund_policy
check in what situations can I request a fucking refund,refund,check_refund_policy
can i make a customer reclamation against ur company,complaint,complaint
where can I make a customer claim against your organization?,complaint,complaint
I do not know how I could receive a reimbursement of money,refund,get_refund
how do I see the status of the reimbursement?,refund,track_refund
problem with canceling purchase {{Order Number}},cancel_order,cancel_order
help checkig in what situations can i ask for a refund,refund,check_refund_policy
can you help me locating order {{Order Number}}?,tracking,track_order
i want assistance to ask for refunds,refund,get_refund
I watn help to check in what cases can I ask for a refund,refund,check_refund_policy
need assistance to report problems with online payments,payment_issue,payment_issue
need to inform of issues with payment,payment_issue,payment_issue
I try to track order {{Order Number}},tracking,track_order
assistance lodging a customer complaint against your company,complaint,complaint
I have to change the delivery adfress,address_change,change_shipping_address
"I can't pay, how could I notify of a payment problem?",payment_issue,payment_issue
"I need to see purchase {{Order Number}} status, how to do it?",tracking,track_order
help to see in which cases can I ask for refunds,refund,check_refund_policy
i have got to see the current status of order {{Order Number}},tracking,track_order
i want assistance to check how long refunds usually take,refund,check_refund_policy
where can i inform of a paymen error,payment_issue,payment_issue
need assistance cancelling order {{Order Number}},cancel_order,cancel_order
solve issue with payment,payment_issue,payment_issue
I don't know how I can see my compensation status,refund,track_refund
want help seeing in which cases can I requesr a refund,refund,check_refund_policy
I don't know how I can correct the address,address_change,change_shipping_address
wanna check how long refunds usuall take can ya help me,refund,check_refund_policy
want help to report a problem with payments,payment_issue,payment_issue
i dont know how to receive a refund of my money,refund,get_refund
where to get a rebate?,refund,get_refund
assistance to inform of a trouble with online payments,payment_issue,payment_issue
I have a problem updating my shipping address,address_change,change_shipping_address
where to get reimbursements of money?,refund,get_refund
assistance changing the shippikng address,address_change,change_shipping_address
"I want to track purchase {{Order Number}}, how could I do it?",tracking,track_order
want assistance to lodge a reclamation against ur business,complaint,complaint
help me to file a customer claim,complaint,complaint
"I do not want this item, I try to cancel order {{Order Number}}",cancel_order,cancel_order
can ya help me ask for restitutions of my money,refund,get_refund
I do not know how to infgorm of payment problems,payment_issue,payment_issue
can ya tell me about updating the delivery address,address_change,change_shipping_address
I do not know how I can make a customerr claim,complaint,complaint
i wan help to report payment problems,payment_issue,payment_issue
want help to report problems with online payment,payment_issue,payment_issue
i expect a damn restitution of {{Refund Amount}} dollars was it processed,refund,track_refund
I don't know what I have to do to see your refund policy,refund,check_refund_policy
I'm trying to see my refund current status,refund,track_refund
help to make an customer claim against your organization,complaint,complaint
i have to request a compensation of my money,refund,get_refund
i have a problem with cancelling order {{Order Number}},cancel_order,cancel_order
i have paid {{Currency Symbol}}{{Refund Amount}} for this order i ened to get a refund,refund,get_refund
there are troubles modifying my shipping address,address_change,change_shipping_address
I don't know what I need to do to report a payment problem,payment_issue,payment_issue
I need supports trying to update the shipping address,address_change,change_shipping_address
I need help cancelnig purchase {{Order Number}},cancel_order,cancel_order
reimburse {{Refund Amount}} dollars,refund,get_refund
is it possible to make a reclamation against your business?,complaint,complaint
need help to notify of problems with payment,payment_issue,payment_issue
I'm trying to see in what cases can i request refunds,refund,check_refund_policy
I want help modifying the fucking delivery address,address_change,change_shipping_address
assistance to change the address,address_change,change_shipping_address
want help seeing in what cases can I request to be refunded,refund,check_refund_policy
I want support trying to modify my shipping address,address_change,change_shipping_address
"I paid {{Currency Symbol}}{{Refund Amount}} for an article, I want help to get a refund",refund,get_refund
I have to see in which cases can I request a refund,refund,check_refund_policy
how can i make a customer complanit against ur company,complaint,complaint
I need help seeing if there are any news on the compensation,refund,track_refund
can you help me get a restitution of my money?,refund,get_refund
I want assistance to correct my address,address_change,change_shipping_address
I want assistance checking how long refunds take,refund,check_refund_policy
want assistance to update my shipping address,address_change,change_shipping_address
help me to make a complaint against your organizaton,complaint,complaint
can uhelp me to cancel purchase {{Order Number}},cancel_order,cancel_order
I have got to track purchase {{Order Number}},tracking,track_order
I am trying to notify of problems with online payment,payment_issue,payment_issue
reporting trouble with payments,payment_issue,payment_issue
have a problem with cancelling purchase {{Order Number}},cancel_order,cancel_order
help lodging a customer complaint,complaint,complaint
want help to check if there are any news on my refund,refund,track_refund
i need help seeing the status of my compensation,refund,track_refund
issue with payments,payment_issue,payment_issue
I cannot afford order {{Order Number}},cancel_order,cancel_order
"I can't afford purchase {{Order Number}}, I need help canceling it",cancel_order,cancel_order
I need help tracking purchase {{Order Number}},tracking,track_order
i chose a wrong delivery address,address_change,change_shipping_address
i have issues trying to modify my shipping address,address_change,change_shipping_address
can uhelp me to locate order {{Order Number}},tracking,track_order
I want assistance to request reimbursements of my money,refund,get_refund
when am I getting a rebate?,refund,get_refund
where to see the status of my reimbursement?,refund,track_refund
i need supports updaing the damn address,address_change,change_shipping_address
help me see in what cases can i request a reimbursement,refund,check_refund_policy
I need help notifying of a problem with payment,payment_issue,payment_issue
I'm trying to make a customer claim against ur company,complaint,complaint
I need to lodge a complaint against your business,complaint,complaint
"I have paid {{Currency Symbol}}{{Refund Amount}} for this item, help me to obtain a rebate",refund,get_refund
what do I have to do to locate order {{Order Number}}?,tracking,track_order
can you show me in which situations can I request refunds?,refund,check_refund_policy
help me see in wht cases can I request reimbursements,refund,check_refund_policy
there is a trouble modifying the shipping address,address_change,change_shipping_address
"I no longer want order {{Order Number}}, I would like to cancel it",cancel_order,cancel_order
I expect an compensation of {{Refund Amount}} dollars,refund,track_refund
help seeing if there is anything wrong with the rebate,refund,track_refund
"I would like to make a complaint, I need assistance",complaint,complaint
I do not know how I can check the status of my compensation,refund,track_refund
I want assistance canceling purchase {{Order Number}},cancel_order,cancel_order
i have errors trying to edit the shippikng address,address_change,change_shipping_address
I want help lodging a consumer reclamation,complaint,complaint
I don't know how to get a reimbursement of my money,refund,get_refund
i need help chanigng the shipping address,address_change,change_shipping_address
help me to lodge a customer claim,complaint,complaint
i have to notify of errors with online payment,payment_issue,payment_issue
want assistance trying to change the shipping address,address_change,change_shipping_address
can ya show me in what situations can i ask to be reimbursed,refund,check_refund_policy
want help to lodge a customer reclamation,complaint,complaint
chwck under which circumstances can I request reimbursements,refund,check_refund_policy
can uhelp me seeing in which cases can i sak for a refund,refund,check_refund_policy
can I make a consumer reclamation against your company?,complaint,complaint
I want assistance checking order {{Order Number}} status,tracking,track_order
I cannot check my compensation current status,refund,track_refund
I need help to file a customer claim against your business,complaint,complaint
status of order,tracking,track_order
what is your money back guarantee?,refund,check_refund_policy
help me check the eta of purchase {{Order Number}},tracking,track_order
"I paid {{Currency Symbol}}{{Refund Amount}} for this item, want help to get a rebate",refund,get_refund
want assistance lodging a reclamation,complaint,complaint
could uhelp me to lodge a customer clain,complaint,complaint
i expecdt a refund of {{Refund Amount}} dollars,refund,track_refund
is it possible to modify my shipping address,address_change,change_shipping_address
I have to receive my money back,refund,get_refund
what do I have to do to notify of a problem with payments?,payment_issue,payment_issue
i have to check how long refunds take how can i do it,refund,check_refund_policy
in which cases can i ask to be reimbursed,refund,check_refund_policy
need to checkin which situations can i ask to be refunded,refund,check_refund_policy
I am trying to check the status of the restitution,refund,track_refund
can i see order {{Order Number}} status,tracking,track_order
help checking the eta of order {{Order Number}},tracking,track_order
I need assistance modifying my shipping address,address_change,change_shipping_address
need help to see my rebate current status,refund,track_refund
where do i file a consumer reclamation against ur business,complaint,complaint
I want help to demand a compensation,refund,get_refund
ur refund policy,refund,check_refund_policy
I have a trouble trying to change the shipping address,address_change,change_shipping_address
I'm waiting for an refund of {{Currency Symbol}}{{Refund Amount}},refund,track_refund
I need to check how long the goddamn reimbursements take,refund,check_refund_policy
assistance notifying of troubles with payments,payment_issue,payment_issue
I would like to obtain my money back,refund,get_refund
can i lodge a consumer reclamaion against ur business,complaint,complaint
I am trying to see the ET of the order {{Order Number}},tracking,track_order
i do not know what i need to do to correct my address,address_change,change_shipping_address
help me obtain a rebate of my money,refund,get_refund
I am trying to see in what cases can I ask for refunds,refund,check_refund_policy
how can I inform of a trouble with payhments?,payment_issue,payment_issue
I have an error changing the delivery address,address_change,change_shipping_address
wqhere to obtain rebates of money,refund,get_refund
"I paid {{Currency Symbol}}{{Refund Amount}} for a purchase, I try to get a reimbursement",refund,get_refund
what do I have to do to request a restitution of money?,refund,get_refund
how to see the status of the compensation?,refund,track_refund
where to make a consumer reclamation,complaint,complaint
where do I check if there are any news on the reimbursement?,refund,track_refund
can i see tye eta of purchase {{Order Number}},tracking,track_order
I do not know what to do to receive rebates of my money,refund,get_refund
I want assistance trying to change my delivery address,address_change,change_shipping_address
I want to know more about editng my address,address_change,change_shipping_address
help me to check your reimbursement policy,refund,check_refund_policy
I want help to ask for a reimbursement of my money,refund,get_refund
how do I cancel purchae {{Order Number}}?,cancel_order,cancel_order
assistance to report a problem with payments,payment_issue,payment_issue
"I paid {{Currency Symbol}}{{Refund Amount}} for a product, is it possible to get a refund?",refund,get_refund
wanna obtain a reimbursement of money,refund,get_refund
I need help with canxeling purchase {{Order Number}},cancel_order,cancel_order
need help to see in what cases can I ask for reimbursements,refund,check_refund_policy
I want to know if there are any news on my refund,refund,track_refund
i want help filing a customer claim against ur company,complaint,complaint
"I have to check my reimbursement status, how could I do it?",refund,track_refund
"I bought some items, I need help to cancel purchase {{Order Number}}",cancel_order,cancel_order
"I paid {{Refund Amount}} dollars for this order, I need a compensation",refund,get_refund
in what cases can I ask foir a refund?,refund,check_refund_policy
I need assistance obtaining rebates of money,refund,get_refund
i expect a compensation of {{Currency Symbol}}{{Refund Amount}},refund,track_refund
help me get a refund of my moneyu,refund,get_refund
how could I lodge a reclamation?,complaint,complaint
help trying to edit my delivery address,address_change,change_shipping_address
i dont know what i need to do to receive a rebate,refund,get_refund
where do I lodge a complaint against your business?,complaint,complaint
help me to check the ETA of order {{Order Number}},tracking,track_order
I don't know how I can see your refund policy,refund,check_refund_policy
need assistance to update the shipping address,address_change,change_shipping_address
would it be possible to obtain damn compensations of money,refund,get_refund
ETA of oorder {{Order Number}},tracking,track_order
I am trying to obtain rebates of my money,refund,get_refund
would it be possible to inform of a bloody payment error?,payment_issue,payment_issue
I need assistance seeing the restitution status,refund,track_refund
check in which cases can I ask to be refunded,refund,check_refund_policy
assistancesolving a trouble with payment,payment_issue,payment_issue
I need assistance seeing how long reimbursements take,refund,check_refund_policy
show me in which cases can I ask for refunds,refund,check_refund_policy
i want help to file a customer complaint against ur business,complaint,complaint
i try to inform of troubles with online payments,payment_issue,payment_issue
how could I obtain rebates?,refund,get_refund
I don't kmow how I can make a claim,complaint,complaint
I need assistance to report troubles with online payment,payment_issue,payment_issue
lodging consumer claim against your company,complaint,complaint
I don't know what to do to cancel order {{Order Number}},cancel_order,cancel_order
where can i check the ETA of the order {{Order Number}},tracking,track_order
I don't know how to inform of issues with online payment,payment_issue,payment_issue
what do i have to do to report a bloody issue with payments,payment_issue,payment_issue
I want to edit the shipping address,address_change,change_shipping_address
I need to inform of damn issues with online payment,payment_issue,payment_issue
need assistance to make a consumer claim against ur business,complaint,complaint
i dont know how to ask for a refund of my money,refund,get_refund
i try to modify the shippig address,address_change,change_shipping_address
i need assistance to inform of problems with payment,payment_issue,payment_issue
I'm waiting for a rebate of {{Currency Symbol}}{{Refund Amount}},refund,track_refund
I need aasistance trying to update the address,address_change,change_shipping_address
i want help to check in what cases can i request refunds,refund,check_refund_policy
I need help lodging a complaint against your company,complaint,complaint
where do I file a customer complaint againwt your company?,complaint,complaint
can I edit my shipping address?,address_change,change_shipping_address
can i lodge a customer claim against ur business,complaint,complaint
where can i notify of troubles with payments,payment_issue,payment_issue
i want assistance to track order {{Order Number}},tracking,track_order
assistance seeing ur money back guarantee,refund,check_refund_policy
there are troubles editing my delivery address,address_change,change_shipping_address
what do I have to do to see my compensation current status?,refund,track_refund
help lodging a reclamation against your business,complaint,complaint
i dont know what to do to request a reimbursement of money,refund,get_refund
want help obtaining reimbursements ofmy money,refund,get_refund
want help solving a problem with payments,payment_issue,payment_issue
error correcting delivery address,address_change,change_shipping_address
where to see if there are any updates on my restitution,refund,track_refund
order {{Order Number}} status,tracking,track_order
help to see order {{Order Number}} current status,tracking,track_order
i want help cancelling order {{Order Number}},cancel_order,cancel_order
I need assistance correcting my shipping address,address_change,change_shipping_address
is it possible to get rebates of my money,refund,get_refund
assistance to demand a rebate,refund,get_refund
tell me more about correcting the delivery address,address_change,change_shipping_address
is it possible to request a refund of my money?,refund,get_refund
where to check the restitution status?,refund,track_refund
where do I see my rebate status?,refund,track_refund
assistance to check the ETA of the purchase {{Order Number}},tracking,track_order
I do not know what I have to do to lodge a reclamation,complaint,complaint
I want assistance cancelling purchase {{Order Number}},cancel_order,cancel_order
what do i have to do to inform of a error with payments,payment_issue,payment_issue
I want help to lodge a consumer complaint,complaint,complaint
I don't know what I have to do to update my delivery address,address_change,change_shipping_address
assistance informing of errors with payments,payment_issue,payment_issue
I cannot edit ym address,address_change,change_shipping_address
help to make a complaint against your business,complaint,complaint
can I edit my delivery address?,address_change,change_shipping_address
i have a question about cancelling order {{Order Number}},cancel_order,cancel_order
I have to see in what cases can I ask for a reimbursement,refund,check_refund_policy
where can I obtain refunds?,refund,get_refund
there are problems trying to edit the delivery address,address_change,change_shipping_address
how do i notify of errors with payment,payment_issue,payment_issue
I try to check in which cases can I ask to be reimbursed,refund,check_refund_policy
can I see in which cases can I ask for a reimbursement?,refund,check_refund_policy
assistance to cancel order {{Order Number}},cancel_order,cancel_order
"I am unhappy with your work, I have to file a damn claim",complaint,complaint
I try to lodge a consumer claim against your company,complaint,complaint
wanna knowabout updating the address,address_change,change_shipping_address
help to make a consumer complaint,complaint,complaint
"I want to check my damn rebate status, how do I do it?",refund,track_refund
I want assistance to notify of goddamn issues with payments,payment_issue,payment_issue
lodging customer complaint against ur business,complaint,complaint
"I want to see in what cases can I request refunds, help me",refund,check_refund_policy
I need to check the current status of the reimbursement,refund,track_refund
how do I make a reclamation?,complaint,complaint
i want supportstrying to change my delivery address,address_change,change_shipping_address
help me to make a claim against your compay,complaint,complaint
assistance to lodge a fucking consumer claim,complaint,complaint
can you help me check if there are any news on my refund?,refund,track_refund
i cant pay help informing of issues with payment,payment_issue,payment_issue
could ya help me get a rebate of money,refund,get_refund
I have troubles changing the fucking address,address_change,change_shipping_address
assistance seeing in what situations can i ask for refunds,refund,check_refund_policy
where do I file a damn consumer claim against your company?,complaint,complaint
help me to change the delivery address,address_change,change_shipping_address
I do not know how to update my shipping address,address_change,change_shipping_address
what do i have to do to file a consumer claim,complaint,complaint
I need help to requestreimbursements,refund,get_refund
are the charges of your services refundable?,refund,check_refund_policy
where to get a compensation of money?,refund,get_refund
I don't know what to do to correct my shipping address,address_change,change_shipping_address
help me making a complaint against your company,complaint,complaint
i have paid {{Currency Symbol}}{{Refund Amount}} for an item help me obtain a refund,refund,get_refund
help to see in what cases can i request my money back,refund,check_refund_policy
i have got to lodge a consumer claim,complaint,complaint
i have to check the ETA of order732201349959 i need help,tracking,track_order
help to make a consumer reclamation against your business,complaint,complaint
where can I notify of troubles with payment?,payment_issue,payment_issue
nee to check ur goddamn reimbursement policy help me,refund,check_refund_policy
i want help obtaining compensations of money,refund,get_refund
how to file a goddamn reclamation against your business?,complaint,complaint
can you help me to correct my address?,address_change,change_shipping_address
can i lodge a customer reclamation against ur company,complaint,complaint
need assistance to check purchase {{Order Number}} status,tracking,track_order
I am trying to inform of issues with online payment,payment_issue,payment_issue
assistance with cancelling pucrhase {{Order Number}},cancel_order,cancel_order
"the experience with your service was bad, file a reclamation",complaint,complaint
need help lodging a cutomer claim against your organization,complaint,complaint
"I want to check my restitution status, I need help",refund,track_refund
"I entered a wrong shipping address, how do I correct it?",address_change,change_shipping_address
want help making a reclamation against ur company,complaint,complaint
i need assistance to see the refund status,refund,track_refund
help me to make a customer reclamation against your company,complaint,complaint
I am trying to obtain a reimbursement,refund,get_refund
can you help me to solve issues with online payment?,payment_issue,payment_issue
assistance filing a customer complaint against ur company,complaint,complaint
I need help receiving refunds,refund,get_refund
want asistance checking the eta of the order {{Order Number}},tracking,track_order
how do I ddmand refunds of my money?,refund,get_refund
need help to file a consumer claim,complaint,complaint
modify shipping address,address_change,change_shipping_address
how can i ask for refunds of money,refund,get_refund
how can i inform of an error with payment,payment_issue,payment_issue
is it possible to get rebates of money?,refund,get_refund
could you help me check your money back guarantee?,refund,check_refund_policy
i dont know how i could check purchase {{Order Number}} status,tracking,track_order
i dont know what i need to do to request rebates,refund,get_refund
can uhelp me check in what situations cani ask for refunds,refund,check_refund_policy
I cannot see the status of my restitution,refund,track_refund
error editing shipping address,address_change,change_shipping_address
how to file a customer reclamation?,complaint,complaint
I don't know what to do to locate order {{Order Number}},tracking,track_order
I try to seethe status of purchase {{Order Number}},tracking,track_order
I want help to file a consumer reclamation,complaint,complaint
need assistance modifying the shipping address,address_change,change_shipping_address
"I need to see how long reimbursements take, how can I do it?",refund,check_refund_policy
help me checking in which cases can i request refunds,refund,check_refund_policy
i need assistance to check the status of order {{Order Number}},tracking,track_order
is it possible to edit the bloody deliveryaddress,address_change,change_shipping_address
is it possible to obtain a restitution of money,refund,get_refund
"I want to see how long refunds take, how to do it?",refund,check_refund_policy
can I lodge a customer claim against your company?,complaint,complaint
I am trying to check how long reimbursements usually tke,refund,check_refund_policy
i need help trying to edit my shipping address,address_change,change_shipping_address
I want assistance to demand rebates of money,refund,get_refund
is it possible to check the statsu of order {{Order Number}}?,tracking,track_order
I want assistance receiving a refund of my money,refund,get_refund
is it possible to correct my delivery address?,address_change,change_shipping_address
I need help making a reclamation,complaint,complaint
can uhelp me solve an error with payments,payment_issue,payment_issue
i have got to see how long reimbursements take,refund,check_refund_policy
would it be possible to check my compensation status,refund,track_refund
"my credit card was declined, I have to report payment errors",payment_issue,payment_issue
i cant track my reimbursement,refund,track_refund
I want help to check in which cases can I ask for refunds,refund,check_refund_policy
where can i edit the shipping address,address_change,change_shipping_address
i haev issues correcting my address,address_change,change_shipping_address
help me to see in which cases can I ask for a refund,refund,check_refund_policy
i do not know how i can file a claim against ur business,complaint,complaint
wanna ask for rebates,refund,get_refund
can ya help me check how long reimbursemenst take,refund,check_refund_policy
i have paid {{Currency Symbol}}{{Refund Amount}} for an item i wanna get my money back,refund,get_refund
need assistance checking order {{Order Number}} current status,tracking,track_order
"I am not happy with your work, lodge a consumer reclamation",complaint,complaint
how can I ask for a compensation of money?,refund,get_refund
I don't know how I can lodge an consumer complaint,complaint,complaint
"I have submitted a wrong address, help me editing it",address_change,change_shipping_address
I want to modify my delivery address,address_change,change_shipping_address
where can i notify of a problem with payment,payment_issue,payment_issue
I want assistance to modify the shipping address,address_change,change_shipping_address
i have a problem changing my delivery address,address_change,change_shipping_address
what do I have to do to file a goddamn customer claim?,complaint,complaint
"I need to check your reimbursement policy, can you help me?",refund,check_refund_policy
want assistance modifying my address,address_change,change_shipping_address
I want assistance to inform of an error with online payment,payment_issue,payment_issue
is it possible to see thew ETA of the purchase {{Order Number}}?,tracking,track_order
I'm trying to see purchase {{Order Number}} current status,tracking,track_order
help me checking if there are any updates on my restitution,refund,track_refund
what do I need to do tofile a consumer claim?,complaint,complaint
need help seeing in which cases can I request a refund,refund,check_refund_policy
"I can't pay for this item, cancel order {{Order Number}}",cancel_order,cancel_order
need help requesting a compensation of money,refund,get_refund
how to see the current status of my compensation?,refund,track_refund
can I check in which cases can I request my damn money back?,refund,check_refund_policy
I call to lodge a consumer reclamation against your business,complaint,complaint
i dont know how to ask for compensations of money,refund,get_refund
wanna check the status of order {{Order Number}} could uelp me,tracking,track_order
where can I see the status of the restitution?,refund,track_refund
how long till i receive a rebate,refund,get_refund
"my experience with you was too bad, lodge a complaint",complaint,complaint
need to inform of problems with online payment,payment_issue,payment_issue
I'm trying to obtain a rebat of money,refund,get_refund
can I see in what cases can I ask for reimbursements?,refund,check_refund_policy
I want help notifying of an issue with payments,payment_issue,payment_issue
I have to make a claim against your organization,complaint,complaint
need assistance solving a problem with online payment,payment_issue,payment_issue
help to check in what cases can i request reimbursements,refund,check_refund_policy
"I bought some articles, how to cancel order {{Order Number}}?",cancel_order,cancel_order
problem modifying delivery address,address_change,change_shipping_address
help knowing if there is anything wrong with the restitution,refund,track_refund
need assistance to file a consumer cclaim,complaint,complaint
need assistance correcting the delivery address,address_change,change_shipping_address
can you help me to cancel order {{Order Number}}?,cancel_order,cancel_order
"I paid {{Currency Symbol}}{{Refund Amount}} for this item, I try to receive a rebate",refund,get_refund
what do I need to do to see the compensation current status?,refund,track_refund
help me request a compensation of money,refund,get_refund
I don't know how to inform of troubles with payment,payment_issue,payment_issue
"the address has changed, help me modify it",address_change,change_shipping_address
where to make a consumer claim against your organization?,complaint,complaint
I need to check in which cases can I request my money back,refund,check_refund_policy
want help updating my address,address_change,change_shipping_address
what do I have to do to report problems with online payment?,payment_issue,payment_issue
want assistance to get rebates of my money,refund,get_refund
order status,tracking,track_order
"I paid {{Currency Symbol}}{{Refund Amount}} for an item, how could I get a bloody refund?",refund,get_refund
want help to make an claim against ur organization,complaint,complaint
"I entered a wrong address, update it",address_change,change_shipping_address
i have to check ur refund policy can i get some help,refund,check_refund_policy
I am trying to find information about editing the address,address_change,change_shipping_address
how can I check if there is anything new on the restitution?,refund,track_refund
help to solve troubles with online paymnets,payment_issue,payment_issue
I have problems correcting the goddamn address,address_change,change_shipping_address
I want to see in what situations can I request a refund,refund,check_refund_policy
I have to see under what circumstances can I ask for refunds,refund,check_refund_policy
i want assistance solving a trouble with online payment,payment_issue,payment_issue
I want to make a customer reclamation against your business,complaint,complaint
i have to inform of troubles with online payment,payment_issue,payment_issue
I try to see purchase 00004587345current status,tracking,track_order
I have to see in what cases can I request my money back,refund,check_refund_policy
I can't track my reimbursement,refund,track_refund
want assistance to file a claim against ur company,complaint,complaint
i want help canceling purchase {{Order Number}},cancel_order,cancel_order
assistance to check the current status of order {{Order Number}},tracking,track_order
"I can't pay, I need help to inform of problems with payment",payment_issue,payment_issue
how could i report errors with online payments,payment_issue,payment_issue
could you help me receiving a rebate of money?,refund,get_refund
"I have got to modify my damn address, how to do it?",address_change,change_shipping_address
help knowing if there is anything new on the restitution,refund,track_refund
how do I report errors with online payments ?,payment_issue,payment_issue
can huelp me check ur refund policy,refund,check_refund_policy
i do not know how i can request a rebate of my money,refund,get_refund
I need help to see in what cases can I ask to be refunded,refund,check_refund_policy
I want to report errors with payment,payment_issue,payment_issue
how do i make a consumer reclamation against ur business,complaint,complaint
how can I see the current status of my refund?,refund,track_refund
"I do not want this article, cancel order {{Order Number}}",cancel_order,cancel_order
help to check in what situations can I ask to be refunded,refund,check_refund_policy
under which circumstances can I request refunds?,refund,check_refund_policy
can i see in what situations can i ask for reimbursements,refund,check_refund_policy
i need help to make a customer claim against u organization,complaint,complaint
where can I get information about an address correction ?,address_change,change_shipping_address
help to see in what cases can I ask to be reimbursed,refund,check_refund_policy
i need assistance to cancel order {{Order Number}},cancel_order,cancel_order
would it be possible to inform of damn errors with payments?,payment_issue,payment_issue
help me to check in which cases can I ask for refunds,refund,check_refund_policy
what do I need to do to cancel order {{Order Number}}?,cancel_order,cancel_order
i try to see the statuis of purchase {{Order Number}},tracking,track_order
want assistance lodging a consumer claim against yur company,complaint,complaint
"I have to report an issue with online payments, help me",payment_issue,payment_issue
i need help to request a refund,refund,get_refund
can uhelp me to solve a problem with online payments,payment_issue,payment_issue
help me ask for a rebate,refund,get_refund
I have a proble with canceling purchase {{Order Number}},cancel_order,cancel_order
is it possible to track purchase {{Order Number}}?,tracking,track_order
help me checking purchase {{Order Number}} current status,tracking,track_order
i do not know how i can check the eta of order {{Order Number}},tracking,track_order
where do i lodge a reclamation against ur business,complaint,complaint
in which cases can I request refunds?,refund,check_refund_policy
can you help me make a clain against your business?,complaint,complaint
need help with canceling order {{Order Number}},cancel_order,cancel_order
"I bought some items, help canceling order {{Order Number}}",cancel_order,cancel_order
can ya tell me about modiyfing my address,address_change,change_shipping_address
"I have ordered some item, cancel purchase {{Order Number}}",cancel_order,cancel_order
help checking if there is anything new on the bloody rebate,refund,track_refund
I need help to see the current status of the refund,refund,track_refund
i dont want oredr {{Order Number}},cancel_order,cancel_order
I do not know what to do to obtain a rebate,refund,get_refund
i dont know what to do to obtain rebates of money,refund,get_refund
give me information about editing my shipping address,address_change,change_shipping_address
customer complaint against your business,complaint,complaint
seeing order {{Order Number}} status,tracking,track_order
I want help seeing in which situations can I request refunds,refund,check_refund_policy
could uhelp me to know if there are any news on my rebate,refund,track_refund
I want help modifying my shipping address,address_change,change_shipping_address
could ya help me solving an error with payments,payment_issue,payment_issue
i want help to track purchase00123842,tracking,track_order
I want assistance asking for a reimbursement of my money,refund,get_refund
can you tell me more about updating the address?,address_change,change_shipping_address
I want to know more about correcting my delivery address,address_change,change_shipping_address
"I need to make a damn consumer complaint, how could I do it?",complaint,complaint
assistance editing the shipping address,address_change,change_shipping_address
"I can't pay, where do I report errors with payment?",payment_issue,payment_issue
I need to receive a refund of my money,refund,get_refund
how do I make a customer complaint against your company?,complaint,complaint
i have to notify of problems with payments,payment_issue,payment_issue
i do not know what to do to receive restitutions of money,refund,get_refund
"I have to see my refund current status, will you help me?",refund,track_refund
"I submitted a wrong address, edit it",address_change,change_shipping_address
can uhelp me cancelling order {{Order Number}},cancel_order,cancel_order
how to get a rebate of money?,refund,get_refund
there is an issue modifying the delivery address,address_change,change_shipping_address
can ushow me the status of purchase {{Order Number}},tracking,track_order
where to see if there is anything new on the rebate,refund,track_refund
need help to make a complaint against your organization,complaint,complaint
reporting troubles with online payment,payment_issue,payment_issue
assistance to make a customer claim,complaint,complaint
how can i find information about correcting the address,address_change,change_shipping_address
"I can't pay for purchase {{Order Number}}, how can I cancel it?",cancel_order,cancel_order
I do not know how I can obtain a rebate of money,refund,get_refund
I can't update my address,address_change,change_shipping_address
I am calling to lodge a complaint against your business,complaint,complaint
help me check in which situations can I request refunds,refund,check_refund_policy
where can I know if there is anything new on the refund?,refund,track_refund
"I have got to modify my address, how can I do it?",address_change,change_shipping_address
where do I lodge a claim against your business?,complaint,complaint
what do I need to do to change the address?,address_change,change_shipping_address
i have got to track my refund,refund,track_refund
where do i file an customer claim against ur business,complaint,complaint
I need help checking in what cases can I ask for a refund,refund,check_refund_policy
I try to see in what cases can I request refunds,refund,check_refund_policy
what do i need to deo to obtain a refund of money,refund,get_refund
I have to file a customer reclamation,complaint,complaint
what do I have to do to cancel order {{Order Number}}?,cancel_order,cancel_order
I want assistance to cancle purchase {{Order Number}},cancel_order,cancel_order
need assistance canceling order {{Order Number}},cancel_order,cancel_order
need to check in what cases can i ask for a reimbursement,refund,check_refund_policy
help to notify of a payment issue,payment_issue,payment_issue
I would like to inform of troubles with online payments,payment_issue,payment_issue
want assistance to obtain a restitution of money,refund,get_refund
i cant modify my delivery address,address_change,change_shipping_address
i have to see ur refund policy will ya herlp me,refund,check_refund_policy
I want assistance to make a consumer claim,complaint,complaint
I have to see how long reimbursements take,refund,check_refund_policy
I try to file a consumer complaint against your company,complaint,complaint
where could I file a damn claim against your business?,complaint,complaint
i do not knwo how to cancel order {{Order Number}},cancel_order,cancel_order
report a goddamn problem with payment,payment_issue,payment_issue
see my restitution current status,refund,track_refund
can I make a claim?,complaint,complaint
"I paid {{Currency Symbol}}{{Refund Amount}} for these products, how to receive a refund?",refund,get_refund
i want my rebate of money,refund,get_refund
i dont want this order cancel purchase {{Order Number}},cancel_order,cancel_order
how to see the rebate current status?,refund,track_refund
"I need to see in which cases can I request refunds, help me",refund,check_refund_policy
i do not know what to do to cancel order {{Order Number}},cancel_order,cancel_order
need help to check in which cases can i ask to be refunded,refund,check_refund_policy
wjen am i getting a compensation of money,refund,get_refund
i expect a rebate of {{Currency Symbol}}{{Refund Amount}} has it been processd already,refund,track_refund
are service charges reimbursable?,refund,check_refund_policy
where is order {{Order Number}},tracking,track_order
"I would like to track my rebate, can you help me?",refund,track_refund
help me noitfy of an error with online payments,payment_issue,payment_issue
need to check the eta of the purchase {{Order Number}} help me,tracking,track_order
i need assistance to get reimbursements of money,refund,get_refund
I need assistance to file a reclamation against your company,complaint,complaint
want help to know if there is anything wrong with the refund,refund,track_refund
need assistance checking order {{Order Number}} status,tracking,track_order
I need to request compensations,refund,get_refund
problems with a goddamn address update,address_change,change_shipping_address
assistance with canceling order {{Order Number}},cancel_order,cancel_order
assistance to solve a fucking payment error,payment_issue,payment_issue
I try to modify my shipping address,address_change,change_shipping_address
can ya help me modify the shipping address,address_change,change_shipping_address
how could I inform of issues with payment?,payment_issue,payment_issue
i have an error trying to edit the address,address_change,change_shipping_address
I want help to ask for compensations,refund,get_refund
I need help to file a damn reclamation against your company,complaint,complaint
need assistance to modify the address,address_change,change_shipping_address
where can I report problems with payments?,payment_issue,payment_issue
"I have got to see the current status of my refund, help me",refund,track_refund
I am trying to see your reimbursement policy,refund,check_refund_policy
"I can't pay for this item, can I cancel order {{Order Number}}?",cancel_order,cancel_order
I'm calling to lodge a compaint,complaint,complaint
how can I report errors with online payments?,payment_issue,payment_issue
i try to chrck the current status of order {{Order Number}},tracking,track_order
want hewlp locating order {{Order Number}},tracking,track_order
I cannot see the status of my compensation,refund,track_refund
help me make a claim against ur company,complaint,complaint
help me demanding a rebate,refund,get_refund
I have troubles trying to update the address,address_change,change_shipping_address
I want help to see if there are any news on the compensation,refund,track_refund
I have an error updating my fucking shipping address,address_change,change_shipping_address
I need to notify of troubles with payment,payment_issue,payment_issue
i cannot check the compensation current status,refund,track_refund
what do I have to do to check the status of the rebate?,refund,track_refund
I need to check in which cases can I request reimbursements,refund,check_refund_policy
I would like to know about a delivery address modification,address_change,change_shipping_address
i want help to file a complaint against ur business,complaint,complaint
I do not know what I have to do to file a claim,complaint,complaint
i dont know what to do to track purchase {{Order Number}},tracking,track_order
i dont knwo how i can cancel purchase {{Order Number}},cancel_order,cancel_order
I have errors chanjging the shipping address,address_change,change_shipping_address
I'm trying to see the current status of order {{Order Number}},tracking,track_order
errors updating shipping address,address_change,change_shipping_address
i have to modify my shipping address,address_change,change_shipping_address
errors with online payments,payment_issue,payment_issue
i want assistance cancelling order {{Order Number}},cancel_order,cancel_order
i need assistance making a claim against ur company,complaint,complaint
show me in which cases can I request to be reimbursed,refund,check_refund_policy
I'm very unhappy with ur service how to file a reclamation,complaint,complaint
I have to see in what situations can I ask to be reimbursed,refund,check_refund_policy
help me to lodge a customer claim against ur organization,complaint,complaint
where to update the shipping address?,address_change,change_shipping_address
I have got to demand reimbursements,refund,get_refund
whag do i need to do to cancel order {{Order Number}},cancel_order,cancel_order
I have to check in which cases can I request my money back,refund,check_refund_policy
I want assistance to see in what cases can I ask for refunds,refund,check_refund_policy
i need assistance to solve na issue with payment,payment_issue,payment_issue
can you help me check your goddamn reimbursement policy?,refund,check_refund_policy
in which situations can I ask for refunds?,refund,check_refund_policy
wanna check under which circumstances can i ask for a refund,refund,check_refund_policy
support updating my address,address_change,change_shipping_address
help informing of an error with online payments,payment_issue,payment_issue
i neee help solving problems with payments,payment_issue,payment_issue
can you tell me more about a delivery address change?,address_change,change_shipping_address
"I would like to check order {{Order Number}} current status, help me",tracking,track_order
"I expect a compensation of {{Currency Symbol}}{{Refund Amount}}, was it processed already",refund,track_refund
help checking in what cases can i request to be refunded,refund,check_refund_policy
how to correct my delivery address,address_change,change_shipping_address
need assistance getting refunds of moey,refund,get_refund
I try to check purchase {{Order Number}} current status,tracking,track_order
I don't know what to do to notify of a payment problem,payment_issue,payment_issue
need help notifying of an issue with payments,payment_issue,payment_issue
can ya give me information about an addres update,address_change,change_shipping_address
i have to demand a rebate,refund,get_refund
i try to correct the address,address_change,change_shipping_address
reimbusre {{Currency Symbol}}{{Refund Amount}},refund,get_refund
I do not know what I need to do to make a consumer claim,complaint,complaint
lodging reclamation against ur business,complaint,complaint
I don't know how to make a consumer reclamation,complaint,complaint
assistance checking purchase {{Order Number}} bloody current status,tracking,track_order
"I am not happy with your work, I have to file a reclamation",complaint,complaint
help cnceling order {{Order Number}},cancel_order,cancel_order
I want help seeing the restitution status,refund,track_refund
need to make a consumere claim,complaint,complaint
how to lodge a complaint against your organization?,complaint,complaint
want assistance solving an damn payment error,payment_issue,payment_issue
i try to demand a reimbursement of my money,refund,get_refund
filing consumer claim against ur organizzation,complaint,complaint
show me in which cases can I ask for my money back,refund,check_refund_policy
help me to inform of an error with payment,payment_issue,payment_issue
assistance checking my reimbursement current status,refund,track_refund
i have problems changing my shipping addresw,address_change,change_shipping_address
where do I lodge a damn claim against your business?,complaint,complaint
want help seeing in hwich cases can i ask to be refunded,refund,check_refund_policy
want assistance checking your reimbursement plicy,refund,check_refund_policy
will ya shwo me the eta of order {{Order Number}},tracking,track_order
i need help to solve an error with online payments,payment_issue,payment_issue
i dont know how to inform of a trouble with payment,payment_issue,payment_issue
how could I check your money back guarantee?,refund,check_refund_policy
I need help to make a complaint against your business,complaint,complaint
my experience with uwas too bad help to file a reclqmation,complaint,complaint
i have to report issues with onlpine payment,payment_issue,payment_issue
I do not know what to do to demand my money back,refund,get_refund
question about cancellung purchase {{Order Number}},cancel_order,cancel_order
i want supports trying to correct the address,address_change,change_shipping_address
show me estimated time of arrival of order {{Order Number}},tracking,track_order
where to lodge a complaint?,complaint,complaint
could you show me in which cases can I ask for a refund?,refund,check_refund_policy
want help seeing in which cases can I ask for a refund,refund,check_refund_policy
where do I make a consumer complaint against your business?,complaint,complaint
want assistance to reporta payment error,payment_issue,payment_issue
I need help seeing the ETA of the purchase {{Order Number}},tracking,track_order
how do I demand a compensation of my money?,refund,get_refund
I need help to file a complaint against your company,complaint,complaint
want help seeing in what cases can i request a reimbursement,refund,check_refund_policy
i dont know what i have to do to demand rebates of money,refund,get_refund
i do not know how to receive a compensatin,refund,get_refund
can you show me the compensation status?,refund,track_refund
I want ehlp demanding a reimbursement of money,refund,get_refund
I want help olcating purchase {{Order Number}},tracking,track_order
how could I get information aout an address update?,address_change,change_shipping_address
assitsance seeing in which cases can i request a refund,refund,check_refund_policy
need help lodging a reclamation against ur business,complaint,complaint
want help to inform of an issue with online payments,payment_issue,payment_issue
I don't know what I need to dol to make a reclamation,complaint,complaint
I have an issue editing the address,address_change,change_shipping_address
can i make a consumer reclamation,complaint,complaint
I try to check in what cases can I request to be reimbursed,refund,check_refund_policy
I want to see your refund policy,refund,check_refund_policy
I need assistance to check the status of my restitution,refund,track_refund
"I cannot afford my last item, how can I cancel the order?",cancel_order,cancel_order
I don't know what to do to inform of problems with payment,payment_issue,payment_issue
how can I cancel purchase {{Order Number}}?,cancel_order,cancel_order
i have paid {{Currency Symbol}}{{Refund Amount}} for thid item i try to receive a rebate,refund,get_refund
i have paid {{Currency Symbol}}{{Refund Amount}} for this item i need help to get a refund,refund,get_refund
"I want to inform of a problem with online payments, help me",payment_issue,payment_issue
"I have got to make a customer reclamation, how to do it?",complaint,complaint
report payment problems,payment_issue,payment_issue
how do i check the eta of purchase {{Order Number}},tracking,track_order
getting money back,refund,get_refund
how to file a consumer claim against your company?,complaint,complaint
need assistance lodging a reclamation against your company,complaint,complaint
will you give me information about updating the address?,address_change,change_shipping_address
i have got to correct the address,address_change,change_shipping_address
want assistance to report issues with payments,payment_issue,payment_issue
i do not know what to do to edit the delivery address,address_change,change_shipping_address
i cannot locate order {{Order Number}},tracking,track_order
want help to lodge a customer claimagainst your company,complaint,complaint
I need assistance to correct my delivery address,address_change,change_shipping_address
want assistance to cancel pyrchase {{Order Number}},cancel_order,cancel_order
I need help locatin purchase {{Order Number}},tracking,track_order
i dont know what i need to do to demand my money back,refund,get_refund
can ya help me to demand an refund,refund,get_refund
how do i receibe a compensation of money,refund,get_refund
show me purchase {{Order Number}} statud,tracking,track_order
can you help me see the current status of order {{Order Number}}?,tracking,track_order
see in which situations can i request to be reimbursed,refund,check_refund_policy
I have to see the current status of my reimbursement,refund,track_refund
help regarding payment,payment_issue,payment_issue
need help obtaining damn rebates of my money,refund,get_refund
report issue with payments,payment_issue,payment_issue
help me modify the shipping address,address_change,change_shipping_address
i need assistance to solve payment errors,payment_issue,payment_issue
I havd problems with a shipping address update,address_change,change_shipping_address
"I can't pay, help to inform of issues with payment",payment_issue,payment_issue
I need to check the ETA of the order {{Order Number}},tracking,track_order
I'm trying to report troubles with online payment,payment_issue,payment_issue
can you help me know if there are any updates on my refund?,refund,track_refund
need assistance to cancel orer {{Order Number}},cancel_order,cancel_order
how to lodge a customer claim against your organization?,complaint,complaint
I want help seeing in what situations can I request a refund,refund,check_refund_policy
could uhlep me to change my goddamn address,address_change,change_shipping_address
can uhelp me canceling order {{Order Number}},cancel_order,cancel_order
i submitted an wrong address i need help to edit it,address_change,change_shipping_address
how do I see the current status of the reimbursement?,refund,track_refund
can I see in what cases can I request an reimbursement?,refund,check_refund_policy
what do I have to do to cancel purchase {{Order Number}}?,cancel_order,cancel_order
need assstance to file a consumer claim against your company,complaint,complaint
"I have paid {{Currency Symbol}}{{Refund Amount}} for an order, how oculd I receive a refund?",refund,get_refund
how to check if there are any news on my rebate?,refund,track_refund
is it possible to get a refund of money,refund,get_refund
there is an error modifying my address,address_change,change_shipping_address
I want assistance to ask for rebates,refund,get_refund
how can I report troubles with online payment?,payment_issue,payment_issue
what do i have to do to receive a compensation of my money,refund,get_refund
I'm trying to find information about modifying the address,address_change,change_shipping_address
reporting issue with payments,payment_issue,payment_issue
where to make a customer claim?,complaint,complaint
I have to make a complaint against your company,complaint,complaint
"I put my old address by mistake, modify it",address_change,change_shipping_address
I have an issue trying to correct my delivery address,address_change,change_shipping_address
"I need to see how long refunds usually take, how to do it?",refund,check_refund_policy
I have to cancel order {{Order Number}},cancel_order,cancel_order
I need help requeting a refund of money,refund,get_refund
I want help to get refunds,refund,get_refund
"I need to see your money back policy, can you hep me?",refund,check_refund_policy
I want assistance demanding a compensation,refund,get_refund
i dont know how to file a consumer reclamation,complaint,complaint
I need informarion about editing my delivery address,address_change,change_shipping_address
can I check your refund policy?,refund,check_refund_policy
I want assistance trying to correct the address,address_change,change_shipping_address
"I need to check how long reimbursements take, help me",refund,check_refund_policy
how to make a damn customer claim against your business?,complaint,complaint
where could I inform of issues with payment?,payment_issue,payment_issue
I want assistance to see your damn money back guarantee,refund,check_refund_policy
can you help me to make a claim against your business?,complaint,complaint
can you help me to inform of problems with payment?,payment_issue,payment_issue
in whichsituations can i ask for a refund,refund,check_refund_policy
how do I receive reimbursements of my mopney?,refund,get_refund
I'm waiting for a damn refund of {{Currency Symbol}}{{Refund Amount}},refund,track_refund
I have got to see in what cases can I ask for a refund,refund,check_refund_policy
i need help seeing the goddamn eta of purchae {{Order Number}},tracking,track_order
I need support modifying the shipping address,address_change,change_shipping_address
I do not know what to do to notify of problems with payment,payment_issue,payment_issue
I don't know how I can receive compensations,refund,get_refund
"I can't make payments, need help to report an issue",payment_issue,payment_issue
check your money back policy,refund,check_refund_policy
I don't know how I could modify my address,address_change,change_shipping_address
ned assistance to file a claim against your business,complaint,complaint
how could I check if there are any news on the refund?,refund,track_refund
I don't know how I can obtain a refund,refund,get_refund
I want help to ask for an rebate of money,refund,get_refund
i exepct a compensation of {{Currency Symbol}}{{Refund Amount}},refund,track_refund
is it possible to report issues with online payment?,payment_issue,payment_issue
need assistance witgh cancelling order {{Order Number}},cancel_order,cancel_order
I want assistance correcting the delivery address,address_change,change_shipping_address
need assistance informing of a trouble with payment,payment_issue,payment_issue
i have a trouble trying to update my address,address_change,change_shipping_address
where to see the current status of order {{Order Number}}?,tracking,track_order
what is purchase {{Order Number}} current status?,tracking,track_order
help to check in which cases can I request my money back,refund,check_refund_policy
I don't know how I can notify of a payment issue,payment_issue,payment_issue
can uhelp me requesting rebates,refund,get_refund
I want to lodge a consumer reclamation against your business,complaint,complaint
where can I make a claim against your company?,complaint,complaint
assistance checking the current status of my restitution,refund,track_refund
I nerd to report a trouble with online payment,payment_issue,payment_issue
how could I track the compensation?,refund,track_refund
seeing reimbursement status,refund,track_refund
where do I report a payment issue?,payment_issue,payment_issue
i dont know what i need to do to inform of payment errors,payment_issue,payment_issue
help me checking in what cases can I request to be refunded,refund,check_refund_policy
I want to inform of troubles with payments,payment_issue,payment_issue
assistance to request my money back,refund,get_refund
there is an error trying to update the shipping address,address_change,change_shipping_address
i dont know how to cncel purchase {{Order Number}},cancel_order,cancel_order
I need help making a claim against your organization,complaint,complaint
I can't correct the shipping address,address_change,change_shipping_address
I want to see order {{Order Number}} bloody current status,tracking,track_order
i need assistancechecking the status of order {{Order Number}},tracking,track_order
can you help me to see the damn ETA of order {{Order Number}}?,tracking,track_order
I have issues changing my shipping address,address_change,change_shipping_address
I have entered a wrong shipping address by mistae,address_change,change_shipping_address
how can i check ur money back guarantee,refund,check_refund_policy
II need to see your reimbursement policy,refund,check_refund_policy
can you help me informing of errors with payment?,payment_issue,payment_issue
i expect an refund of {{Refund Amount}} dollars was it processed,refund,track_refund
"I can no longer afford order {{Order Number}}, cancel it",cancel_order,cancel_order
I chose a wrong address by mistake,address_change,change_shipping_address
need to see the damn eta of the purchase {{Order Number}} help me,tracking,track_order
assistance to check in what situations acn I request refunds,refund,check_refund_policy
where can i inform of problems with online paymeny,payment_issue,payment_issue
where do I report an error with online payment?,payment_issue,payment_issue
assistance canging my shipping address,address_change,change_shipping_address
where can I get bloody rebates of money?,refund,get_refund
help seeing in what cases can I request to be refudned,refund,check_refund_policy
want help to check the fucking TEA of the order {{Order Number}},tracking,track_order
i do ont know how i can report an issue with payment,payment_issue,payment_issue
can you help me reporting an error with online payment?,payment_issue,payment_issue
I'm extremely unhapp with ur services help to make a claim,complaint,complaint
i have to locate purchase {{Order Number}} i need assistance,tracking,track_order
want assistance to see in what cases can i request refunds,refund,check_refund_policy
i dont know how to track my refund,refund,track_refund
I have issues editing my address,address_change,change_shipping_address
"the experience with you was too bad, make a bloody claim",complaint,complaint
can you help me checking purchase {{Order Number}} status?,tracking,track_order
notifying of trouble with payment,payment_issue,payment_issue
filing consumer complaint,complaint,complaint
can ya help me cancel purchzse {{Order Number}},cancel_order,cancel_order
where to receive goddamn reimbursements of mooney,refund,get_refund
I'm trying to notify of problems with payments,payment_issue,payment_issue
I am waiting for a rebate of {{Currency Symbol}}{{Refund Amount}},refund,track_refund
i dont know how i can see my rebate current status,refund,track_refund
can you help me to make a claim against your company?,complaint,complaint
anything new on my goddamn reimbursement,refund,track_refund
"I paid {{Currency Symbol}}{{Refund Amount}} for this order, help me getting a compensation",refund,get_refund
how to obtain a rebate of money?,refund,get_refund
I have to know if there is anything wrong with the refund,refund,track_refund
there are errors trying to update my shipping address,address_change,change_shipping_address
I need to make a complaint,complaint,complaint
I am trying to check order {{Order Number}} currentstatus,tracking,track_order
want assistance informing of a trouble with payment,payment_issue,payment_issue
how do I inform of a problem with online payments?,payment_issue,payment_issue
I need help seeing the ETA of the order {{Order Number}},tracking,track_order
"I need to check your reimbursement policy, hbow to do it?",refund,check_refund_policy
I have to see in which cases can I request to be refunded,refund,check_refund_policy
I do not know how I can update the address,address_change,change_shipping_address
help reporfting a trouble with payments,payment_issue,payment_issue
where can I make a customer claim against your company?,complaint,complaint
"I have to see purchase {{Order Number}} status, how can I do it?",tracking,track_order
I can't edit my damn shipping address,address_change,change_shipping_address
help to inform of troubles with online payments,payment_issue,payment_issue
help me requesting compensations,refund,get_refund
I am trying to ask for rebates,refund,get_refund
help to report an issue with online payment,payment_issue,payment_issue
"I need to see your money back guarantee, can you help me?",refund,check_refund_policy
assistance seeing in what cases can i request reimbursements,refund,check_refund_policy
I want assistace to request a compensation of my money,refund,get_refund
need help to obtain my money back,refund,get_refund
how do i check the status of purchase {{Order Number}},tracking,track_order
i have a problem trying to correct the shipping address,address_change,change_shipping_address
i do not know how to lodge a consumer complaint,complaint,complaint
I don't know how to check my restitution status,refund,track_refund
want help to lodge a customer complaint,complaint,complaint
I don't know how I can ask for a reimbursement,refund,get_refund
"I have got to see how long refunds take, will you help me?",refund,check_refund_policy
how can I file a consumer complaint?,complaint,complaint
can ushow me in which situations can i ask to be refunded,refund,check_refund_policy
i dont know what i need to do to correct theaddress,address_change,change_shipping_address
I need support updating the delivery address,address_change,change_shipping_address
want hep receiving a refund of my money,refund,get_refund
I need help to see the current status of order {{Order Number}},tracking,track_order
i want help to see in what cases can irequest refunds,refund,check_refund_policy
I want information about correcting the address,address_change,change_shipping_address
I do not know how to demand a reimbursement,refund,get_refund
can you help me canceling order {{Order Number}}?,cancel_order,cancel_order
assistance seeing how long reimbursements usually take,refund,check_refund_policy
wanna know more about editing my shipping address,address_change,change_shipping_address
I have a trouble trying to modify my address,address_change,change_shipping_address
I'm trying to see the eta of purchase {{Order Number}},tracking,track_order
help to obtain a compensation of my money,refund,get_refund
"I want to see your money back guarantee, how can I do it?",refund,check_refund_policy
I'm trying to notify of payment problems,payment_issue,payment_issue
help me asking for compensations,refund,get_refund
is it possible to lodge a claim?,complaint,complaint
"I can't afford this product, cancel order {{Order Number}}",cancel_order,cancel_order
"I cannot make payments, could I report a problem?",payment_issue,payment_issue
can you help me getting a reimbursement?,refund,get_refund
there is an issue trying to change my shipping address,address_change,change_shipping_address
can i cxheck in which cases can i ask for refunds,refund,check_refund_policy
I have issues modifying the delivery address,address_change,change_shipping_address
how to file a customer claim against your organization?,complaint,complaint
I need help to know if there is anything new on my rebate,refund,track_refund
I have got to cancel purcahse {{Order Number}},cancel_order,cancel_order
I do not know how to correect the address,address_change,change_shipping_address
I don't know how I can make a claim against your business,complaint,complaint
where can i make a consumer claim against ur organization,complaint,complaint
I have to check the ETA of the purchase {{Order Number}},tracking,track_order
where do I notify of a payment problem?,payment_issue,payment_issue
can you help me solve errors with payments?,payment_issue,payment_issue
assistance to see the status of order {{Order Number}},tracking,track_order
i have to see the eta of order {{Order Number}},tracking,track_order
could I check if there is anything new on the compensation?,refund,track_refund
I am looking for information about a delivery address change,address_change,change_shipping_address
can I see if there is anything new on the refund?,refund,track_refund
i can no longer pay fororder {{Order Number}} cancel it,cancel_order,cancel_order
want help tyo modify my shipping address,address_change,change_shipping_address
checking current status of order {{Order Number}},tracking,track_order
I want help making a complaint against your company,complaint,complaint
i want help filing a damn customer claim against ur business,complaint,complaint
would you give me information about cancelling orders?,cancel_order,cancel_order
i try to notify of an issue with online payment,payment_issue,payment_issue
"I purchased some items, help me cancel order {{Order Number}}",cancel_order,cancel_order
how could i see the status of my refund,refund,track_refund
I need to cancel order {{Order Number}},cancel_order,cancel_order
help to lodge a customer claim against ur organization,complaint,complaint
what is order {{Order Number}} crrent status,tracking,track_order
I want to file a reclamation against your company,complaint,complaint
I am trying to find information about modifying the address,address_change,change_shipping_address
"I expect a rebate of {{Refund Amount}} dollars, was it processed already",refund,track_refund
i cant see the current status of purchase {{Order Number}},tracking,track_order
the eperience with ya was bad help me to lodge a reclamation,complaint,complaint
I try to see in which cases can I request a refund,refund,check_refund_policy
help me know if there are any news on my compensation,refund,track_refund
"I need to track my compensation, help me",refund,track_refund
need assistance to request a reimbursement of my money,refund,get_refund
check in which cases can i request refunds,refund,check_refund_policy
i try to request a restitution of money,refund,get_refund
I do not know how to check the status of the compensation,refund,track_refund
where can i file a customer complaint agaist ur company,complaint,complaint
could you help me file a reclamation ?,complaint,complaint
assistance to check the eta of order {{Order Number}},tracking,track_order
I try to check in which situations can I ask for a refund,refund,check_refund_policy
need to make a complaint,complaint,complaint
I cannotcheck your money back policy,refund,check_refund_policy
I want help to modify the address,address_change,change_shipping_address
I need help cancelling oredr {{Order Number}},cancel_order,cancel_order
I want assistance to lodge a customer reclamation,complaint,complaint
is it possible to request rteimbursements,refund,get_refund
"I have to see the ETA of the order {{Order Number}}, how to do it?",tracking,track_order
i do not know what to do to correct the shipping address,address_change,change_shipping_address
"I paid {{Currency Symbol}}{{Refund Amount}} for this order, help me to get a rebate",refund,get_refund
can I see the status of my restitution?,refund,track_refund
wanna know about correcting my address find some information,address_change,change_shipping_address
refunding {{Refund Amount}} dollars,refund,get_refund
need to file an fucking consumer claim can i get some help,complaint,complaint
there is a problem modifying the shipping address,address_change,change_shipping_address
i cant see the eta of purchase {{Order Number}},tracking,track_order
i submitted an wrong address how can i edit it,address_change,change_shipping_address
need to see purchase {{Order Number}} status,tracking,track_order
can you help me to request a reimbursement of money?,refund,get_refund
I need assistance to receive a refund of my money,refund,get_refund
the shipping address has changed how can i modify it,address_change,change_shipping_address
can utell me more about updating my addfess,address_change,change_shipping_address
need assistance cancelinv purchase {{Order Number}},cancel_order,cancel_order
"I cannot pay, help me to inform of a problem with payments",payment_issue,payment_issue
need to change my damn shipping address how could i do it,address_change,change_shipping_address
I have to see in what situations can I ask for a refund,refund,check_refund_policy
I try to see the fucking restitution current status,refund,track_refund
how do I report a problem with payments?,payment_issue,payment_issue
I can't see if there are any updates on my compensation,refund,track_refund
i have an trouble editing the address,address_change,change_shipping_address
making claim against ur company,complaint,complaint
"I chose a wrong address by mistake, I want to modify it",address_change,change_shipping_address
I try to obtain refunds,refund,get_refund
would it be possible to ask for compensations of my money?,refund,get_refund
can you help me editing my address?,address_change,change_shipping_address
how to make a bloody customer claim against your company?,complaint,complaint
I do not know how I could make a consumer claim,complaint,complaint
"I have to see your refund policy, can you help me?",refund,check_refund_policy
where do i see the status of order {{Order Number}},tracking,track_order
I am trying to check your bloody reimbursement policy,refund,check_refund_policy
can uhelp me see the currnt status of order {{Order Number}},tracking,track_order
I want to check the ETA of the purchase {{Order Number}},tracking,track_order
assistance seeing in which cases can I ask for a refund,refund,check_refund_policy
information about correcting the damn shipping address,address_change,change_shipping_address
assistance lodging a customer reclamation against ur copany,complaint,complaint
i try to demand a restitution of my money,refund,get_refund
want assistance to see the status of order {{Order Number}},tracking,track_order
i have a problem correcting the address,address_change,change_shipping_address
I need help to demand a rebate of my money,refund,get_refund
what do I need to do to request a rebate?,refund,get_refund
i try to get a rebate of money,refund,get_refund
need assistance to see the status of purchase {{Order Number}},tracking,track_order
I want to lodge a customer claim against your organization,complaint,complaint
track order,tracking,track_order
help reporting troubles with online payments,payment_issue,payment_issue
i tr to file a consumer complaint against ur organization,complaint,complaint
help to notify of payment issues,payment_issue,payment_issue
how do i obtain a restitution of money,refund,get_refund
I need to make a claim against your company,complaint,complaint
"I have got to see how long refunds take, help me",refund,check_refund_policy
"my card was declined, where do I report a payment error?",payment_issue,payment_issue
help me filing a complaint against your organization,complaint,complaint
I'm waiting for a restitution of {{Refund Amount}} dollras,refund,track_refund
i want help to solve an issue with payments,payment_issue,payment_issue
I have got to see in which cases can I ask to be reimbursed,refund,check_refund_policy
I am waiting for an restitution of {{Currency Symbol}}{{Refund Amount}},refund,track_refund
how can I update the delivery address?,address_change,change_shipping_address
can I check if there are any news on my reimbursement?,refund,track_refund
how could I see order {{Order Number}} status?,tracking,track_order
how do i check order {{Order Number}} current status,tracking,track_order
I have a trouble trying to update the delivery address,address_change,change_shipping_address
i expect a reimbursxement of {{Currency Symbol}}{{Refund Amount}},refund,track_refund
assistance demanding a compensation of my money,refund,get_refund
what do I have to do to receive a rebate of money?,refund,get_refund
I need information about a delivery address change,address_change,change_shipping_address
I have to report a problem with payments,payment_issue,payment_issue
"I do not want my last bloody item, cancel order {{Order Number}}",cancel_order,cancel_order
"my card did not work, I want to report issues with payments",payment_issue,payment_issue
"I have got to locate order {{Order Number}}, can I get some help?",tracking,track_order
I have to receive a rebate of my money,refund,get_refund
"I paid {{Currency Symbol}}{{Refund Amount}} for this article, I need help getting a refund",refund,get_refund
lodge reclamation,complaint,complaint
could I see how long the fucking refunds usually take?,refund,check_refund_policy
I have to know if there is anything wrong with the rebate,refund,track_refund
where can i find information about a delivery address change,address_change,change_shipping_address
need to check in what cases can i ask for an refund help me,refund,check_refund_policy
I have to see in which cases can I request my money back,refund,check_refund_policy
issue changing shipping address,address_change,change_shipping_address
how long until i get my money back,refund,get_refund
i have to check how long reimbursements take i need help,refund,check_refund_policy
I don't know how to inform of issues wth online payments,payment_issue,payment_issue
"I have got to see the refund current status, I need help",refund,track_refund
report issues with payments,payment_issue,payment_issue
i need help checking ur refund policy,refund,check_refund_policy
i want help solving a trouble with online payments,payment_issue,payment_issue
can i see in which cases can i as for reimbursements,refund,check_refund_policy
can uhelp me receive a rebate of money,refund,get_refund
where do I report an issue with payments ?,payment_issue,payment_issue
I do not know what to do to notify of payment problems,payment_issue,payment_issue
could you help me to solve payment errors?,payment_issue,payment_issue
eta of order {{Order Number}},tracking,track_order
I don't know what I need to do to check your refund policy,refund,check_refund_policy
assistance obtaining a refund of money,refund,get_refund
I don't know how I can file a consumer claim,complaint,complaint
I need to see in which cases can I ask for a reimbursement,refund,check_refund_policy
i dont know what to do to correct the delivery address,address_change,change_shipping_address
can I see in which situations can I request to be refunded?,refund,check_refund_policy
need help notifying of problems with online payments,payment_issue,payment_issue
assistance to see the restitution status,refund,track_refund
can you tell me more about correcting my delivery address?,address_change,change_shipping_address
see purchase {{Order Number}} current status,tracking,track_order
where can I see if there is anything new on the restitution?,refund,track_refund
I do not know what to do to file a customer reclamtion,complaint,complaint
could I make a customer claim against your organization?,complaint,complaint
refunding {{Currency Symbol}}{{Refund Amount}},refund,get_refund
"I want to check your reimbursement policy, help me",refund,check_refund_policy
i want help to check order {{Order Number}} status,tracking,track_order
i need assistance to notify of troubles with payment,payment_issue,payment_issue
i do not kno what to do to locate purchase {{Order Number}},tracking,track_order
I want help notifying of troubles with payments,payment_issue,payment_issue
could you help me to request a compensation of my money?,refund,get_refund
where do i request a reimbursement of money,refund,get_refund
how cani demand rebates of money,refund,get_refund
where do i lodge a reclamatioln,complaint,complaint
i have padi {{Currency Symbol}}{{Refund Amount}} for an order i need to get a reimbursement,refund,get_refund
i do not know how to demand refunds,refund,get_refund
can you help me notifying of a trouble with online payments?,payment_issue,payment_issue
how to request a reimbursement of my money?,refund,get_refund
where can I demand a refund?,refund,get_refund
help to see in what situations can I ask to be refunded,refund,check_refund_policy
there are troubles editing my shipping addrss,address_change,change_shipping_address
help me to see in what cases can i request a reimbursement,refund,check_refund_policy
where do I update the delivery address?,address_change,change_shipping_address
see in what situations can I ask for refunds,refund,check_refund_policy
"I paid {{Currency Symbol}}{{Refund Amount}} for this purchase, I have to get a damn refund",refund,get_refund
I need assistance asking for compensations of money,refund,get_refund
I want help to edit the address,address_change,change_shipping_address
help me informing of an issue with payment,payment_issue,payment_issue
"I entered a wrong address, will you help me update it?",address_change,change_shipping_address
I want support trying to modify the address,address_change,change_shipping_address
were could I check your money back policy?,refund,check_refund_policy
see in which cases can I ask for my goddamn money back,refund,check_refund_policy
I do not know how to report errors with payments,payment_issue,payment_issue
how do i inform of troubles with online payment,payment_issue,payment_issue
I'm tying to see the ETA of purchase {{Order Number}},tracking,track_order
I try to see in what situations can I request to be refunded,refund,check_refund_policy
i cannot check ur money back guarantee,refund,check_refund_policy
how could I obtain rebates of money?,refund,get_refund
assistance to check in which cases can I ask for refunds,refund,check_refund_policy
where do I correct the fucking shipping address?,address_change,change_shipping_address
i have got to make an consumer claim against ur business,complaint,complaint
I don't know how to get compensations,refund,get_refund
help to check your damn money back guarantee,refund,check_refund_policy
help lodging a reclamation,complaint,complaint
want assistance informing of problems with online payment,payment_issue,payment_issue
assistance to lodge a complaint against your business,complaint,complaint
am I entitled to a refund according to your policy?,refund,check_refund_policy
how cam i track order {{Order Number}},tracking,track_order
where can I modify my delivery address?,address_change,change_shipping_address
what is purchase {{Order Number}} status,tracking,track_order
I need help to make a claim,complaint,complaint
want assistance notifying of an error with payments,payment_issue,payment_issue
I can't modify my delivery address,address_change,change_shipping_address
rebate {{Refund Amount}} dollarx,refund,get_refund
"I cannot afford order {{Order Number}}, I need help canceling it",cancel_order,cancel_order
where to receive restitutions of money,refund,get_refund
"I have to see how long reimbursements take, how can I do it?",refund,check_refund_policy
can you show me the ETA of purchase {{Order Number}}?,tracking,track_order
I need help to file a reclamation against your company,complaint,complaint
want help seeing in which situations can i requestrefunds,refund,check_refund_policy
assistance seeing if there is anything wrong with my refund,refund,track_refund
how do I inform of a trouble with payments?,payment_issue,payment_issue
how do i lodge a consumer complaint,complaint,complaint
want assistance to file a reclamation against your business,complaint,complaint
show me under which circumstances can I ask to be reimbursed,refund,check_refund_policy
I have a trouble trying to modify my shipping address,address_change,change_shipping_address
I want assistance to check my reimbursement status,refund,track_refund
I have a problem trying to change the delivery address,address_change,change_shipping_address
need assistancee to check your damn reimbursement policy,refund,check_refund_policy
I want help trying to edit my shipping address,address_change,change_shipping_address
support changing the address,address_change,change_shipping_address
wanna see orer {{Order Number}} current status can ya help me,tracking,track_order
assistance filing a customer reclamation,complaint,complaint
can you help me cancelling purchase {{Order Number}}?,cancel_order,cancel_order
want help to see purchase {{Order Number}} status,tracking,track_order
see the ETA of purchase {{Order Number}},tracking,track_order
i have got to check the rebate current status,refund,track_refund
want assistance to check the status of purchase {{Order Number}},tracking,track_order
want help to check the restitution status,refund,track_refund
i want help to see purchase {{Order Number}} status,tracking,track_order
I awnt to lodge a customer complaint against your company,complaint,complaint
where can I see my refund current status?,refund,track_refund
how do I see the current status of the refund?,refund,track_refund
can I check in which situations can I request refunds?,refund,check_refund_policy
I want help notifying of an error with online payment,payment_issue,payment_issue
"I need to see if there are any news on the refund, help me",refund,track_refund
I try to file a reclamation against your business,complaint,complaint
want help to report an issue with online payments,payment_issue,payment_issue
I want to know about updating my delivery address,address_change,change_shipping_address
I need to correct my address,address_change,change_shipping_address
can I check the current status of my reimbursement?,refund,track_refund
"I have to see how long reimbursements usually take, help me",refund,check_refund_policy
how can i notify of issues with online payment,payment_issue,payment_issue
want help to inform of issues with online payments,payment_issue,payment_issue
where can I request refunds of my money?,refund,get_refund
I don't know how I can correct my address,address_change,change_shipping_address
"I cannot make a payment, I need to inform of issues",payment_issue,payment_issue
help me to check if there is anything new on the restitution,refund,track_refund
solve a damn error with online payments,payment_issue,payment_issue
i need assistance to track the restitution,refund,track_refund
i have anissue modifying my address,address_change,change_shipping_address
need to check in which cases can i ask for reimbursements,refund,check_refund_policy
"I can't afford order {{Order Number}}, could you cancel it?",cancel_order,cancel_order
how do I know if there is anything new on my compensation?,refund,track_refund
assistance knowing if there are any news on my rebate,refund,track_refund
I'm waiting for a reimbursement of 299dollars,refund,track_refund
"I have paid {{Currency Symbol}}{{Refund Amount}} for this order, I want my reimbursement",refund,get_refund
where do i check the current status of purchase {{Order Number}},tracking,track_order
how to see order {{Order Number}} fucking current status?,tracking,track_order
i do not know what to do to obtain rebates,refund,get_refund
I have to see in what situations can I request refunds,refund,check_refund_policy
i want help checking in which cases can i ask for refunss,refund,check_refund_policy
problems with cnceling purchase {{Order Number}},cancel_order,cancel_order
i want assistance notifying off an error with online payment,payment_issue,payment_issue
want help to notify of troubles with online payment,payment_issue,payment_issue
I am trying to see in which cases can I ask for refunds,refund,check_refund_policy
I am waiting for an bloody restitution of {{Refund Amount}} dollars,refund,track_refund
need assistance seeing in which cases can i request a refund,refund,check_refund_policy
I expect a reimbursmeent of {{Refund Amount}} dollars,refund,track_refund
chek order {{Order Number}} status,tracking,track_order
"I would like to make a consumer complaint, will you help me?",complaint,complaint
help to check the damn current status of the restitution,refund,track_refund
I need assistance seeing how long the goddamn refunds take,refund,check_refund_policy
assistance to see your goddamn money back guarantee,refund,check_refund_policy
I don't know how I can report a problem with payments,payment_issue,payment_issue
want help canceling purchase {{Order Number}},cancel_order,cancel_order
where to see if there are any updates on my compensation,refund,track_refund
I do not know how I could change my address,address_change,change_shipping_address
wanna see ur refund polcy,refund,check_refund_policy
can you help me seeing your refund policy?,refund,check_refund_policy
cance order {{Order Number}},cancel_order,cancel_order
help me lodging a customer complaint against your business,complaint,complaint
I do not knowhow to receive compensations of my money,refund,get_refund
I want to notify of an issue with payments,payment_issue,payment_issue
want help to check my reimbursement current status,refund,track_refund
there are problems correcting my address,address_change,change_shipping_address
i want information about a shipping address modification,address_change,change_shipping_address
help lodging a consumer reclamation against your business,complaint,complaint
how can I get refunds?,refund,get_refund
can uhelp me to request refunds of my money,refund,get_refund
I want help to receive refunds of money,refund,get_refund
I am trying to make a claim,complaint,complaint
I need help to ask for a rebate of my money,refund,get_refund
check in which situations can I request my money back,refund,check_refund_policy
could I check in which cases can I ask to be reimbursed?,refund,check_refund_policy
I don't know what to do to cancel purchase {{Order Number}},cancel_order,cancel_order
I do not know what to do to see the status of ordrr {{Order Number}},tracking,track_order
can you help me report a problem with online payment?,payment_issue,payment_issue
assistance to see purchase {{Order Number}} status,tracking,track_order
i have to inform of a payment issue,payment_issue,payment_issue
I can't see order {{Order Number}} status,tracking,track_order
how to demand a compensation of my money?,refund,get_refund
could you show me in which situations can I request refunds?,refund,check_refund_policy
how to ask for reimbursements of money,refund,get_refund
need help with cancelling purchase {{Order Number}},cancel_order,cancel_order
I have got to request my damn money back,refund,get_refund
I'd like to make a customer reclamation against ur business,complaint,complaint
is it possible to check if there are any news on my rebate?,refund,track_refund
I try to file a consumer claim against your business,complaint,complaint
are the service charges refundable?,refund,check_refund_policy
can you help me lodging a claim against your business ?,complaint,complaint
I need to get a compensation,refund,get_refund
i need help seeing order {{Order Number}} current status,tracking,track_order
there is an error trying to change my address,address_change,change_shipping_address
I don't know how to lodge a condumer reclamation,complaint,complaint
I'm waiting for an refund of {{Currency Symbol}}{{Refund Amount}} has it been processed,refund,track_refund
can I see under which circumstances can I ask for a refund?,refund,check_refund_policy
where do i receive a rewfund of money,refund,get_refund
I'm waiting for a ocmpensation of {{Refund Amount}} dollars,refund,track_refund
there is an issue trying to update the address,address_change,change_shipping_address
wanna inform of errors with online payment can uhelp me,payment_issue,payment_issue
notify of payment issue,payment_issue,payment_issue
i have issues modifying the address,address_change,change_shipping_address
can you help me camceling the purchase I made?,cancel_order,cancel_order
"I bought some item, cancel purchase {{Order Number}}",cancel_order,cancel_order
I try to see in what cases can I request a reimbursement,refund,check_refund_policy
is it possible to receive fucking refunds of my money?,refund,get_refund
want assistance to check the status of the rebate,refund,track_refund
I have troubles updating my delivery address,address_change,change_shipping_address
where do i check ur goddamn money bafk guarantee,refund,check_refund_policy
in what cases can I request reimbursements?,refund,check_refund_policy
I want help filing a reclamation,complaint,complaint
where do i make a complaint,complaint,complaint
assiustance tracking purchase {{Order Number}},tracking,track_order
icant track order {{Order Number}},tracking,track_order
I have got to inform of fucking problems with payments,payment_issue,payment_issue
I have to reporta trouble with payment,payment_issue,payment_issue
I need help checking in what cases can I request refunds,refund,check_refund_policy
help me to notify of issues with payment,payment_issue,payment_issue
"my goddamn delivery address changed, how do I correct it?",address_change,change_shipping_address
I don't know what to do to ask for compensationsof my money,refund,get_refund
help me seeing ur refund policy,refund,check_refund_policy
find information about modifying my address,address_change,change_shipping_address
assistance to solve troubles with payments,payment_issue,payment_issue
I need assistance to lodge a fucking consumer reclamation,complaint,complaint
I have got to cancel order {{Order Number}},cancel_order,cancel_order
can you help me see my compensation status?,refund,track_refund
i want assistance seeing order {{Order Number}} status,tracking,track_order
help me to check the eta of the purchase {{Order Number}},tracking,track_order
I want to know about a bloody shipping address modification,address_change,change_shipping_address
help me to file a consumer claim,complaint,complaint
"I paid {{Currency Symbol}}{{Refund Amount}} for an item, help me to get a bloody rebate",refund,get_refund
I don't know what I need to do to file a customer claim,complaint,complaint
lodge customer complaint against your business,complaint,complaint
I need to see the ETA of purchase00123842,tracking,track_order
how do I see the ETA of the order {{Order Number}}?,tracking,track_order
my delivery address has changed correct it,address_change,change_shipping_address
i cant make a payment i wanna repotr a problem,payment_issue,payment_issue
I need help updating my shipping address,address_change,change_shipping_address
have a question about canceling order {{Order Number}},cancel_order,cancel_order
"I would like to cancel purchase {{Order Number}}, I need help",cancel_order,cancel_order
how do i obtain a reimbursement of money,refund,get_refund
i dont know what to do to fgile a consumer claim,complaint,complaint
i have gotto check ur damn refund policy help me,refund,check_refund_policy
is it possible to obtain a damn restitution of my money?,refund,get_refund
could i see the ETA of the purchase {{Order Number}},tracking,track_order
"I have bought some item, I have to cancel order {{Order Number}}",cancel_order,cancel_order
know if there is anything new on my restitution,refund,track_refund
where to change the address,address_change,change_shipping_address
I don't know what I have to do to report payment problems,payment_issue,payment_issue
wanna see the current status of my restitution,refund,track_refund
where do I check the status of purchase {{Order Number}}?,tracking,track_order
help me check your money bck guarantee,refund,check_refund_policy
wanna oldge a claim against ur company will uhelp me,complaint,complaint
hw to report troubles with payment?,payment_issue,payment_issue
"I am very unsatisfied with your work, make a fucking claim",complaint,complaint
help me see ur money back guarantee,refund,check_refund_policy
can you show me in what situations can I ask for refunds?,refund,check_refund_policy
i do not know how i can see the reimbursement current status,refund,track_refund
"I have got to see my refund status, can you help me?",refund,track_refund
track refund,refund,track_refund
i try to file a consumer complaint against ur organization,complaint,complaint
i need help reporting problems with online payment,payment_issue,payment_issue
helplodging a consumer reclamation against ur business,complaint,complaint
can you help me making a complaint?,complaint,complaint
can you tell me more about correcting my shipping address?,address_change,change_shipping_address
needassistance cancelling purchase {{Order Number}},cancel_order,cancel_order
i need assistance with canceling order {{Order Number}},cancel_order,cancel_order
seeing order {{Order Number}} current status,tracking,track_order
I need to make a customer reclamation against your business,complaint,complaint
I do not know what I have to do to make a customer lcaim,complaint,complaint
I try to ask fopr a refund of my money,refund,get_refund
how to receive a compensation of my money,refund,get_refund
how do I lodge a damn consumer reclamation?,complaint,complaint
could you show me in what situations can I request refunds?,refund,check_refund_policy
assistance to check youe money back guarantee,refund,check_refund_policy
assistance to request a rebate,refund,get_refund
i need help to see purchase {{Order Number}} status,tracking,track_order
can you help me to lodge a consumer claim?,complaint,complaint
I have got to request a restitution of my money,refund,get_refund
when will i get a restitutiom of money,refund,get_refund
were can I demand compensations of money?,refund,get_refund
correct delivery address,address_change,change_shipping_address
assistance to see order {{Order Number}} current status,tracking,track_order
"I want to see the ETA of order {{Order Number}}, I need help",tracking,track_order
can you help me see in what cases can I ask to be refunded?,refund,check_refund_policy
want help making an reclamation against your organization,complaint,complaint
I'm trying to lodge a consumer claim,complaint,complaint
problems with cancelling purchase {{Order Number}},cancel_order,cancel_order
I want to know if there is anything wrong with my refund,refund,track_refund
wanna check order {{Order Number}} status,tracking,track_order
I want assistance obtaining a reimbursement of my money,refund,get_refund
report anissue with payment,payment_issue,payment_issue
I do not know howq to report an error with online payments,payment_issue,payment_issue
I'm waiting for a reimbursement of {{Currency Symbol}}{{Refund Amount}},refund,track_refund
check in what situations can I request to be reimbursed,refund,check_refund_policy
i dont know how i can report a trouble with payments,payment_issue,payment_issue
I want to know if there are any updates on my compensation,refund,track_refund
I want help to know if there are any news on the rebate,refund,track_refund
I need to lodge a customer claim against your business,complaint,complaint
help me inform of an error with online payment,payment_issue,payment_issue
help me demand a compensation of money,refund,get_refund
I need help with cancelling order {{Order Number}},cancel_order,cancel_order
i have paid {{Currency Symbol}}{{Refund Amount}} for an item help to obtain a rebbate,refund,get_refund
i do not know what i have to do to update the address,address_change,change_shipping_address
I can't correct my bloody shipping address,address_change,change_shipping_address
help me see in what cases can I request to be reimbursed,refund,check_refund_policy
how long until I obtain a refund of money?,refund,get_refund
"the payment failed, could I notify of an error with payment?",payment_issue,payment_issue
I try to cancel purchase {{Order Number}},cancel_order,cancel_order
can i check under which circumstances can i request a refund,refund,check_refund_policy
i need assistance to notify of an issue with online payment,payment_issue,payment_issue
the experience with ya was awful i have to lodge a claim,complaint,complaint
I want help locating order {{Order Number}},tracking,track_order
where to report errors with online payment?,payment_issue,payment_issue
I can't modify the delivery address,address_change,change_shipping_address
can ya help me see in which situations can i ask for refunds,refund,check_refund_policy
I have problems editing the shipping address,address_change,change_shipping_address
i paid {{Currency Symbol}}{{Refund Amount}} for this purchase i try to receive a rebate,refund,get_refund
I need help to demand a compensation of money,refund,get_refund
"I have entered a wrong fucking delivery address, correct it",address_change,change_shipping_address
can uhelp me check the compensation current status,refund,track_refund
there are errors trying to change the shipping address,address_change,change_shipping_address
help solving troubles with online payment,payment_issue,payment_issue
can you help me inform of fucking troubles with payments?,payment_issue,payment_issue
where can I notify of problems with payent?,payment_issue,payment_issue
showing me eta of purchase {{Order Number}},tracking,track_order
I have got to check in what cases can I request a refund,refund,check_refund_policy
I do not know what to do to get compensations,refund,get_refund
help me to check order {{Order Number}} goddamn current status,tracking,track_order
need help to check order {{Order Number}} status,tracking,track_order
can uhelp me cancelling purchazse {{Order Number}},cancel_order,cancel_order
can I check in what cases can I ask for a reimbursement?,refund,check_refund_policy
I need hepl to report an error with online payment,payment_issue,payment_issue
where can I receive reimbursements of my money?,refund,get_refund
what do I need to do to notify of a problem with payments?,payment_issue,payment_issue
i want assistance to notify of errors with online payment,payment_issue,payment_issue
assistance to see the status of the rebate,refund,track_refund
I have a trouble changing the delivery address,address_change,change_shipping_address
can ya help me to see the ETA of the purchase {{Order Number}},tracking,track_order
there are errors changin my delivery address,address_change,change_shipping_address
help checking in what cases can I request a refund,refund,check_refund_policy
i have got to check ur money back guarantee how do i do it,refund,check_refund_policy
can you help me to see the restitution status?,refund,track_refund
how do I see your money back policy?,refund,check_refund_policy
help me locating purchase {{Order Number}},tracking,track_order
could you help me get compensations of my money?,refund,get_refund
can you help me to inform of a trouble with payment?,payment_issue,payment_issue
help me to see in which cases can I request a reimbursement,refund,check_refund_policy
"I am unhappy with your work, lodge a claim",complaint,complaint
"I cannot make a transfer, how to notify of a payment issue?",payment_issue,payment_issue
what do I need to do to track my reimbursement?,refund,track_refund
I do not know what I have to do to report payment issues,payment_issue,payment_issue
locate order {{Order Number}},tracking,track_order
can I see the ETA of the purchase {{Order Number}}?,tracking,track_order
need help to check in which case can i ask to be refunded,refund,check_refund_policy
I can't change my address,address_change,change_shipping_address
I have to see in which cases can I ask to be reimbursed,refund,check_refund_policy
how can i file a complaint against ur organization,complaint,complaint
I cannot see purchase {{Order Number}} current status,tracking,track_order
is it possible to request reimbursements of money?,refund,get_refund
"I have bought some items, help canceling purchase {{Order Number}}",cancel_order,cancel_order
what do I have to do to change the address?,address_change,change_shipping_address
i cant make payments how to inform of issues with payment,payment_issue,payment_issue
what do I need to do to see order {{Order Number}} status?,tracking,track_order
can uhelp me getting reimbursements of my money,refund,get_refund
I need assistance demanding compensations,refund,get_refund
how to request rebates of my money,refund,get_refund
I want assistance checking how long refunds uaually take,refund,check_refund_policy
help lodging a complaint against your organization,complaint,complaint
help me to obtain rebates of money,refund,get_refund
I have got to see how long refunds take,refund,check_refund_policy
I'm trying to check the status of purchase {{Order Number}},tracking,track_order
how do I lodge a claim against your company?,complaint,complaint
I cannot see if there are any news on my restitution,refund,track_refund
check how long reinbursements usually take,refund,check_refund_policy
when will I obtain a rebate of money?,refund,get_refund
need assistance seeing the ETA of order {{Order Number}},tracking,track_order
where do I see the ETA of the order {{Order Number}}?,tracking,track_order
"I paid {{Currency Symbol}}{{Refund Amount}} for these items, where can I receive a refund?",refund,get_refund
I do not know how I could cancel purchase {{Order Number}},cancel_order,cancel_order
help to report a payment error,payment_issue,payment_issue
help me to see the refund status,refund,track_refund
i expect a goddamn reimbursement of {{Refund Amount}} dollars,refund,track_refund
I don't know what I need to do to make a claim,complaint,complaint
I want assistance informing of issues with payment,payment_issue,payment_issue
I need assistance cancelling purchase {{Order Number}},cancel_order,cancel_order
what do I need to do to demand my money back?,refund,get_refund
I am waiting for a reimbursement of {{Refund Amount}} dollars,refund,track_refund
i need help requesting reimbursemenmts,refund,get_refund
assistance to check in which cases can i request a refund,refund,check_refund_policy
i dont know how i could correct the address,address_change,change_shipping_address
I need to see in which cases can I request the damn refunds,refund,check_refund_policy
there is a problem trying to update my shipping address,address_change,change_shipping_address
assistance canceling the last order,cancel_order,cancel_order
help to see the ETA of purchase {{Order Number}},tracking,track_order
i need support editing my shipping adress,address_change,change_shipping_address
"I would like to correct the damn delivery address, help me",address_change,change_shipping_address
there are problems trying to change my delivery address,address_change,change_shipping_address
status of refund,refund,track_refund
want help to file a consumer claim against your organization,complaint,complaint
i dont know how to see ur money back policy,refund,check_refund_policy
help to see the ETA of the ortder {{Order Number}},tracking,track_order
i need information about correcting my shipping address,address_change,change_shipping_address
i dont know how i can notify of issues with online payments,payment_issue,payment_issue
help to see ur money back policy,refund,check_refund_policy
I want help to make a customer complaint,complaint,complaint
i dont know how i can asj for a rebate,refund,get_refund
i expect a compensation of {{Currency Symbol}}{{Refund Amount}} was it processed,refund,track_refund
I expect a compendation of {{Currency Symbol}}{{Refund Amount}},refund,track_refund
i need help seeing ur monbey back policy,refund,check_refund_policy
how to see the ETA of order {{Order Number}}?,tracking,track_order
"I have to see how long refunds take, I need help",refund,check_refund_policy
help me seeing in which situations can I ask for refunds,refund,check_refund_policy
I do not know how to get refunds of my money,refund,get_refund
assistance filing a customer complaint against your business,complaint,complaint
i have an issue trying to change my shipping address,address_change,change_shipping_address
I don't know how I can locate purchase {{Order Number}},tracking,track_order
I try to see in what situations can I ask for reimbursements,refund,check_refund_policy
how to report errors with online payments,payment_issue,payment_issue
where do i inform of goddamn problems with online paymnts,payment_issue,payment_issue
how to check the eta of order {{Order Number}},tracking,track_order
where to get a compensation?,refund,get_refund
"I cannot pay, assistance reporting a trouble with payments",payment_issue,payment_issue
I want help to notify oof issues with payment,payment_issue,payment_issue
help me checking the current status of purchase {{Order Number}},tracking,track_order
I want help to file a claim against your organization,complaint,complaint
i dont know wha to do to check the status of order {{Order Number}},tracking,track_order
I need to see in what cases can I ask for a reimbursement,refund,check_refund_policy
wanna get reimbursements,refund,get_refund
assistance trying to change the shipping address,address_change,change_shipping_address
"the experience with you was awful, file a customer complaint",complaint,complaint
how do i check the eta of order00123842,tracking,track_order
can i check purchase {{Order Number}} status,tracking,track_order
i dont know how i can cancel purchase {{Order Number}},cancel_order,cancel_order
I have to see in what cases can I request a reimbursement,refund,check_refund_policy
how can I check if there are any updates on the restitution?,refund,track_refund
where do i inform of errors with payment,payment_issue,payment_issue
want assistance to update the address,address_change,change_shipping_address
could uhelp me cancelin order {{Order Number}},cancel_order,cancel_order
could you tell me about changing my delivery address?,address_change,change_shipping_address
"I ain't happy with your work, file a consumer claim",complaint,complaint
could uhelp me report a trouble with online payment,payment_issue,payment_issue
I'm trying to inform of problems with online payments,payment_issue,payment_issue
want assistance notifying of problems with online payment,payment_issue,payment_issue
checking purchase {{Order Number}} current status,tracking,track_order
"I paid {{Currency Symbol}}{{Refund Amount}} for this product, how doI get a rebate?",refund,get_refund
I have got to report a trouble with online payment,payment_issue,payment_issue
help me to see in what cases can I ask for reimbursements,refund,check_refund_policy
help me filing a customer complaint against your business,complaint,complaint
I don't know how I can get a reimbursement of my money,refund,get_refund
I would like to check if there are any news on the refund,refund,track_refund
am I entitled to a reimbursement?,refund,check_refund_policy
I don't know what to do to obtain a compensation,refund,get_refund
could i file a customer complaint,complaint,complaint
how do I check if there are any updates on my rebate?,refund,track_refund
where do I get reimbursements of my money?,refund,get_refund
I don't know how I could notify of payment issues,payment_issue,payment_issue
is it possible to demand a damn compensation,refund,get_refund
see in which situations can I ask to be refunded,refund,check_refund_policy
how to file a claim against your organization?,complaint,complaint
see ETA ob order {{Order Number}},tracking,track_order
could ya help me locae purchase {{Order Number}},tracking,track_order
check under which circumstances can I request my money back,refund,check_refund_policy
i have to see the status of order {{Order Number}} help me,tracking,track_order
I call to lodge a fucking claim,complaint,complaint
I am waiting for a refnd of {{Refund Amount}} dollars,refund,track_refund
"I have got to track the restitution, how can I do it?",refund,track_refund
I want help to see order {{Order Number}} status,tracking,track_order
need to see order {{Order Number}} current stayus,tracking,track_order
"I want to locate order {{Order Number}}, can I get some help?",tracking,track_order
can uhelp melocate order {{Order Number}},tracking,track_order
I need to make a complaint against your business,complaint,complaint
i have to check the ETA of order {{Order Number}} ohw do i do it,tracking,track_order
there are problems trying to update my shipping address,address_change,change_shipping_address
what do I have to do to obtain rebates?,refund,get_refund
I want to ask for rebates,refund,get_refund
assistance filing a customer claim against ur business,complaint,complaint
I want assistance informing of a trouble with payment,payment_issue,payment_issue
i want assistance to see the eta of the ordder {{Order Number}},tracking,track_order
what do i have to do to see the status of purchase {{Order Number}},tracking,track_order
i wan help to cancel purchase {{Order Number}},cancel_order,cancel_order
I need assistance to repor errors with online payments,payment_issue,payment_issue
issues changing shipping address,address_change,change_shipping_address
I want help to inform of an error with payments,payment_issue,payment_issue
what do I have to do to track the refund?,refund,track_refund
wanna obtain fucking compensations,refund,get_refund
I want to see if there are any news on my rebate,refund,track_refund
tracking order {{Order Number}},tracking,track_order
wantr help to solve issues with payment,payment_issue,payment_issue
"I need to see your refund policy, can you helpme?",refund,check_refund_policy
I have to inform of a bloody payment issue,payment_issue,payment_issue
I want assistance obtaining reimbursements,refund,get_refund
I need assistance trying to correct my delivery address,address_change,change_shipping_address
I want assistance filing a complaint against your company,complaint,complaint
I want to lodge a reclamation,complaint,complaint
there are errors trying to edit my shipping address,address_change,change_shipping_address
what do I have ti do to get a rebate of money?,refund,get_refund
ihave to locate purchase {{Order Number}} help me,tracking,track_order
i have issues editing the address,address_change,change_shipping_address
I need help informing of troubles with online payment,payment_issue,payment_issue
i do nmot know what to do to change my delivery address,address_change,change_shipping_address
I expect a restitution of {{Currency Symbol}}{{Refund Amount}},refund,track_refund
i do not know what i have to do to obtain a rebate,refund,get_refund
I don't know what I need to do to modify my delivery address,address_change,change_shipping_address
I am trying to see the current status of the compensation,refund,track_refund
I want help to inform of an issue with online payments,payment_issue,payment_issue
how can I notify of problems with payment?,payment_issue,payment_issue
I want assistance checking purchase {{Order Number}} status,tracking,track_order
i have got to inform of troubles with online payment,payment_issue,payment_issue
I have to edit my delivery address,address_change,change_shipping_address
were can i cancel purchase {{Order Number}},cancel_order,cancel_order
i dont know how to cancel purchase {{Order Number}},cancel_order,cancel_order
i need assistance to notify of issues wih payment,payment_issue,payment_issue
where can I get a reimbursement?,refund,get_refund
i need support trying to chane my delivery address,address_change,change_shipping_address
i want assistance to notify of payment errors,payment_issue,payment_issue
assistance changing the delivery address,address_change,change_shipping_address
notify of troubles with payment,payment_issue,payment_issue
I need assistance to solve a problem with payment,payment_issue,payment_issue
where can I update the shipping address?,address_change,change_shipping_address
I don't want order {{Order Number}},cancel_order,cancel_order
there are errors trying to modify my shipping address,address_change,change_shipping_address
can you help me reporting a payment problem?,payment_issue,payment_issue
is it possible to check the status of the rebate?,refund,track_refund
i need help to ask for a refund of my money,refund,get_refund
can you show me the rebate current status?,refund,track_refund
I expect a restitution of {{Refund Amount}} dollars,refund,track_refund
show me in which situations can i ask for refunds,refund,check_refund_policy
can you help me filing an reclamation against your company?,complaint,complaint
want help checking ur reimbursement policy,refund,check_refund_policy
I need assistance to receive reimbursements,refund,get_refund
want help asking for reimbursements,refund,get_refund
is it possible to check purchase {{Order Number}} status?,tracking,track_order
where can I check the current status of my rebate?,refund,track_refund
I do not know how I can make a bloody reclamation,complaint,complaint
cancelling order,cancel_order,cancel_order
lcate order {{Order Number}},tracking,track_order
need assistance correcting the address,address_change,change_shipping_address
problems correcting address,address_change,change_shipping_address
where could i make a complaint against ur organization,complaint,complaint
want help checking ur reimbursement poliicy,refund,check_refund_policy
help checking in what cases can i ask to be reimbursed,refund,check_refund_policy
I don't know what I need to do to make a customer complaint,complaint,complaint
i dont know how i can see the ETA of purchase {{Order Number}},tracking,track_order
how to demand a rebate?,refund,get_refund
i have to see the ETA of purchase {{Order Number}} cn uhelp me,tracking,track_order
"I am unsatisfied with your work, how do I lodge a claim?",complaint,complaint
can I make a customer reclamation?,complaint,complaint
help checking in which situations can i ask to be refunded,refund,check_refund_policy
assistance to file a claim,complaint,complaint
i cant make payments help to report issues with payments,payment_issue,payment_issue
i try to report an payment error,payment_issue,payment_issue
how can i inform of a payment problem,payment_issue,payment_issue
can uhelp me to report a trouble with online payment,payment_issue,payment_issue
assistance with canceling purchase {{Order Number}},cancel_order,cancel_order
need help filing a claim against your organization,complaint,complaint
help me to notify of errors with payments,payment_issue,payment_issue
there are problems trying to edit my address,address_change,change_shipping_address
I would like to request reimbursements of money,refund,get_refund
can you show me the ETA of order {{Order Number}}?,tracking,track_order
help me to check the sxtatus of my reimbursement,refund,track_refund
can uhelp me to notify of errors with payment,payment_issue,payment_issue
could I see your reimbursement policy?,refund,check_refund_policy
"I paid {{Currency Symbol}}{{Refund Amount}} for this product, I need to get a rebate",refund,get_refund
"I would like to check your refund policy, how can I do it?",refund,check_refund_policy
assistance to see in which cases can i ask for refunds,refund,check_refund_policy
need help canceling purchase {{Order Number}},cancel_order,cancel_order
help me cancelling purchase {{Order Number}},cancel_order,cancel_order
how could I receive a refund?,refund,get_refund
I can't aford order {{Order Number}},cancel_order,cancel_order
i try to make a complaint against ur company,complaint,complaint
I need help demanding my money back,refund,get_refund
informing of problem with payment,payment_issue,payment_issue
help to check purchase {{Order Number}} current status,tracking,track_order
how do I check your money back policy ?,refund,check_refund_policy
solve a trouble with payment,payment_issue,payment_issue
I try to check in which cases can I ask for a refund,refund,check_refund_policy
I have to report problems with online payment,payment_issue,payment_issue
i have paid {{Currency Symbol}}{{Refund Amount}} for an article i want an refund,refund,get_refund
I'm waiting for a reimbursement of 1200dollars,refund,track_refund
can you help me seeing in what cases can I request a refund?,refund,check_refund_policy
help trying to update the delivery address,address_change,change_shipping_address
i have to make a claim against ur business,complaint,complaint
want assistance reporting an error with payments,payment_issue,payment_issue
how can I inform of a payment issue?,payment_issue,payment_issue
I'd like to check order {{Order Number}} fucking status,tracking,track_order
I need to see in what cases can I ask to be reimbursed,refund,check_refund_policy
what do i have to do to obtain my money back,refund,get_refund
I do not know what I need to do to ask for a compensation,refund,get_refund
i expect a reimbursement of {{Currency Symbol}}{{Refund Amount}},refund,track_refund
I need assistance receiving compensations of my money,refund,get_refund
i have to see the goddamn ETA of purchase {{Order Number}},tracking,track_order
I need assistance to get a rebate of my money,refund,get_refund
what do I have to do to change my shipping address?,address_change,change_shipping_address
how to locate order {{Order Number}}?,tracking,track_order
"I have paid {{Currency Symbol}}{{Refund Amount}} for this item, I want to get a refund",refund,get_refund
i dont know what i have to do to report issues with payments,payment_issue,payment_issue
where to ask for a rebate of money,refund,get_refund
I have to update my shipping address,address_change,change_shipping_address
"I need to see my rebate current status, will you help me?",refund,track_refund
supports editing the delivery address,address_change,change_shipping_address
I can't locate purchase {{Order Number}},tracking,track_order
issues with payment,payment_issue,payment_issue
i do not know what to do to lodge a customer reclamation,complaint,complaint
I don't know how to check the compensation status,refund,track_refund
"I ain't happy with your work, I need to make a reclamation",complaint,complaint
I need assistance to lodge a claim against your organization,complaint,complaint
help me check in which casesx can I ask for reimbursements,refund,check_refund_policy
i need help to get refunds of my money,refund,get_refund
help to locate purchaes {{Order Number}},tracking,track_order
give me information about a delivery address modification,address_change,change_shipping_address
what do I need to do to report payment problems?,payment_issue,payment_issue
I have to check in what situations can I request a refund,refund,check_refund_policy
where do I lodge a reclamation against your organization?,complaint,complaint
is it possible to modify the shipping address,address_change,change_shipping_address
"I cannot pay, where canI report problems with payment?",payment_issue,payment_issue
i cant see the current status of order {{Order Number}},tracking,track_order
I am trying to see in what cases can I request refunds,refund,check_refund_policy
help to make a consumer claim against your company,complaint,complaint
I cannot check the ETA of the order {{Order Number}},tracking,track_order
i have to see in which cases can i askfor my money back,refund,check_refund_policy
i cant pay i need help reporting problems with payments,payment_issue,payment_issue
can ya help me to modify the delivery address,address_change,change_shipping_address
I'd like to see ur money back guarantee how to do it,refund,check_refund_policy
checking order status,tracking,track_order
I'm waiting for a refund of {{Refund Amount}} dollars,refund,track_refund
payment issue,payment_issue,payment_issue
I have problesm with a delivery address update,address_change,change_shipping_address
update shipping address,address_change,change_shipping_address
i need help cancelling puchase {{Order Number}},cancel_order,cancel_order
I don't know how I can get a restitution of money,refund,get_refund
I have got to request a refund,refund,get_refund
"I can no longer afford order {{Order Number}}, help me cancel it",cancel_order,cancel_order
I'd like to correct the bloody dadress can i get some help,address_change,change_shipping_address
i want assistance obtaining a compensation of money,refund,get_refund
I do not know how I can see your money back guarantee,refund,check_refund_policy
"I need to see in what cases can I request a refund, help me",refund,check_refund_policy
can you help me to correct the shipping address?,address_change,change_shipping_address
can you help me check the status of my compensation?,refund,track_refund
I'm trying to correct my shipping address,address_change,change_shipping_address
can ya tell me more about changing the address,address_change,change_shipping_address
want help modifying my address,address_change,change_shipping_address
want help notifying of troubles with online payments,payment_issue,payment_issue
my card was declined report payment issues,payment_issue,payment_issue
is it possible to cancel order {{Order Number}}?,cancel_order,cancel_order
how to see purchase {{Order Number}} current status?,tracking,track_order
notify of trouble with online payments,payment_issue,payment_issue
I don't know how I can get a restitution of my money,refund,get_refund
I need assistance seeing purchase {{Order Number}} status,tracking,track_order
I cannot track the reimbursement,refund,track_refund
can you help me to see if there are any news on my refund?,refund,track_refund
have a question about cancelling order {{Order Number}},cancel_order,cancel_order
i dont know how to inform of payment errors,payment_issue,payment_issue
can you help me obtaining refunds?,refund,get_refund
how can I notify of an error with online payment?,payment_issue,payment_issue
I need assistance to make a consumre reclamation,complaint,complaint
i have got to file a customer reclamation againstur company,complaint,complaint
can you tell me more about modifying my shipping address?,address_change,change_shipping_address
I need assistance to make a complaint,complaint,complaint
help seeing in what cases can i request to be reimbursed,refund,check_refund_policy
tell me more about updating the address,address_change,change_shipping_address
I want help to see in what cases can I ask to be refunded,refund,check_refund_policy
i dont know how to ask for restitutions of my money,refund,get_refund
i try to inform of issues with payment,payment_issue,payment_issue
help checking the status of the refund,refund,track_refund
help me to lodge a reclamation against your company,complaint,complaint
I want to cancle purchase {{Order Number}},cancel_order,cancel_order
could I check in what situations can I ask for a refund?,refund,check_refund_policy
I need assistance notifying of a problem with online payment,payment_issue,payment_issue
where can i see the current status of order {{Order Number}},tracking,track_order
I do not know what I need to do to file a customer complaint,complaint,complaint
I'm trying to file a consumer claim against ur business,complaint,complaint
will ushow me purchase {{Order Number}} curret status,tracking,track_order
i want assistance asking for a restitution of my money,refund,get_refund
i need help demanding restitutions of my money,refund,get_refund
help me seeing in what cases can I request reimbursements,refund,check_refund_policy
want assistance to check how long refunds take,refund,check_refund_policy
wanna know more about modifying my delivery address,address_change,change_shipping_address
I'm trying to know if there is anything new on my refund,refund,track_refund
see the ETA of order {{Order Number}},tracking,track_order
i bought something i wanna cancel order {{Order Number}},cancel_order,cancel_order
help me request damn restitutions of money,refund,get_refund
i do not know how i can receive rebates of my money,refund,get_refund
my experience with uhas been bad i wanna make a bloody claim,complaint,complaint
need help requesting reimbursements of my money,refund,get_refund
where can I obtain reimbursements of money?,refund,get_refund
assistance canceling purchase {{Order Number}},cancel_order,cancel_order
I am trying to receive a restitution of money,refund,get_refund
I want to see in what cases can I ask to be reimbursed,refund,check_refund_policy
I do not know what to do to see the compensation status,refund,track_refund
I'd like to see if there is anything new on the refund,refund,track_refund
wanna know about modifying the shipping address,address_change,change_shipping_address
need to file a bloody consumer reclamation how can i do it,complaint,complaint
can you help me cancel purchase {{Order Number}}?,cancel_order,cancel_order
could you help me modify the shipping address?,address_change,change_shipping_address
I want to see in which cases can I ask for reimbursements,refund,check_refund_policy
I am trying to check in which cases can I request a refund,refund,check_refund_policy
i can no longer arford purchase {{Order Number}},cancel_order,cancel_order
i wqant assistance checking purchase {{Order Number}} status,tracking,track_order
how can i check the current status of my compensation,refund,track_refund
can ya help me lodging a consumer claim against ur business,complaint,complaint
I need help to report issues with payment,payment_issue,payment_issue
how could I check purchase {{Order Number}} status?,tracking,track_order
were do i report troubles with payment,payment_issue,payment_issue
I have a trouble updating my shipping address,address_change,change_shipping_address
"I wouls like to see your money back guarantee, help me",refund,check_refund_policy
there are troubles updating the address,address_change,change_shipping_address
how to inform of payment errors?,payment_issue,payment_issue
showing me current status of purchase {{Order Number}},tracking,track_order
can you help me check the rebate current status?,refund,track_refund
I am trying to inform of issues with payment,payment_issue,payment_issue
I don't know what to do to file a consumer claim,complaint,complaint
I'm dissatisfied with ur services help to file a reclamation,complaint,complaint
help to check in what cases can I ask for a reimbursement,refund,check_refund_policy
I have got to inform of an issue with online payments,payment_issue,payment_issue
how can i tfack purchase {{Order Number}},tracking,track_order
I need to inform of a trouble with online payment,payment_issue,payment_issue
need to know if there are any updates on the ocmpensation,refund,track_refund
assistance to receive a compensation,refund,get_refund
can you help me request a rebate of money?,refund,get_refund
can ya help me to lodge a consumer claim,complaint,complaint
can you help me notifying of troubles with online payments?,payment_issue,payment_issue
I need help trying to edit the shipping address,address_change,change_shipping_address
help to see in which cases can I request a reimbursement,refund,check_refund_policy
can you help me to ask for damn restitutions of money?,refund,get_refund
what do i need to do to correct my shippign address,address_change,change_shipping_address
"I have to see your refund policy, will you help me?",refund,check_refund_policy
I need to see in what cases can I request to be refunded,refund,check_refund_policy
i want help to report a payment issue,payment_issue,payment_issue
can you help me report a payment issue?,payment_issue,payment_issue
I want help to notify of issues with payment,payment_issue,payment_issue
can you help me notifying of troubles with online payment?,payment_issue,payment_issue
I do not know how I can notify of a payment issue,payment_issue,payment_issue
how to track order {{Order Number}}?,tracking,track_order
I need help to see your refund policy,refund,check_refund_policy
I want help to file a customer complaint,complaint,complaint
I don't want purchase {{Order Number}},cancel_order,cancel_order
I call to make a consumer claim against your company,complaint,complaint
i have problems editing my address,address_change,change_shipping_address
when am I obtaining a refund?,refund,get_refund
were to check order {{Order Number}} current status,tracking,track_order
what do i have to do to update my deliverey address,address_change,change_shipping_address
where can I check if there is anything enw on the refund?,refund,track_refund
I don't know how I can inform of problems with payments,payment_issue,payment_issue
wanna check the eta of order {{Order Number}} how to do it,tracking,track_order
need to check the etga of order {{Order Number}} help me,tracking,track_order
how to report an error with online payments,payment_issue,payment_issue
i dot know what to do to notify of damn payment issues,payment_issue,payment_issue
there is an issue modifying the shipping address,address_change,change_shipping_address
I need help to ask for restitutions of my mone,refund,get_refund
can you help me to obtain a refund of money?,refund,get_refund
I am waiting for a bloody compensation of {{Refund Amount}} dollars,refund,track_refund
could you tell me about updating my delivery address?,address_change,change_shipping_address
I ma trying to see the status of order {{Order Number}},tracking,track_order
I don't know what to do to file a recpamation,complaint,complaint
i cant pay i have to notify of problems with online payment,payment_issue,payment_issue
i cant make a payment where can i notify of an error,payment_issue,payment_issue
help to check in which cases can i erquest my money back,refund,check_refund_policy
"I have to check the status of my rebate, I need help",refund,track_refund
how long do refunds take?,refund,check_refund_policy
help checking the ETA o the purchase {{Order Number}},tracking,track_order
report payment issues,payment_issue,payment_issue
i do not know how to edit my delivery address,address_change,change_shipping_address
I need help to correct the delivery address,address_change,change_shipping_address
see in what cases can I request refunds,refund,check_refund_policy
i dont know how to inform of a payment error,payment_issue,payment_issue
ned to locate order {{Order Number}} how could i do it,tracking,track_order
where do I demand a reimbursement of my money?,refund,get_refund
i do not know what i have to do to request refunds of money,refund,get_refund
"I have got to ask for a rebate, can you help me?",refund,get_refund
I would like to file a reclamation against your business,complaint,complaint
"I paid {{Currency Symbol}}{{Refund Amount}} for an article, I want help getting a rebate",refund,get_refund
i need help to inform of troubls with payment,payment_issue,payment_issue
help to file a consumer claim,complaint,complaint
how could icancel purchase {{Order Number}},cancel_order,cancel_order
"I cannot make a transfer, notify of payment issues",payment_issue,payment_issue
help me see the current status of the refund,refund,track_refund
help m make a claim against ur company,complaint,complaint
i want help reporting a payment issue,payment_issue,payment_issue
want assistance to receive a refund of money,refund,get_refund
I don't know how to track my restitution,refund,track_refund
i have problems with canceling order {{Order Number}},cancel_order,cancel_order
I need to check in which cases can I ask for my money back,refund,check_refund_policy
how to see the current status of order {{Order Number}}?,tracking,track_order
i cant afford order {{Order Number}},cancel_order,cancel_order
I have to check in what cases can I request a refund,refund,check_refund_policy
i want assistance filing a customer claim against ur company,complaint,complaint
I want to report a problem with payment,payment_issue,payment_issue
check in what cases can I ask for refunds,refund,check_refund_policy
I can't check the ETA of the purchase {{Order Number}},tracking,track_order
i need help checking the ET of the purchase {{Order Number}},tracking,track_order
i want help to see the status of my compensation,refund,track_refund
is it possible to obtaih rebates,refund,get_refund
"I paid {{Currency Symbol}}{{Refund Amount}} for a product, help me to get a bloody rebate",refund,get_refund
help me lodge a consumer claim against ur company,complaint,complaint
can I see order {{Order Number}} current status?,tracking,track_order
"I need to check in what cases can I request refunds, help me",refund,check_refund_policy
can you show me in which cases can I request a refund?,refund,check_refund_policy
how to request an reimbursement of money,refund,get_refund
I need assistance lodging a claim,complaint,complaint
I'm trying to report issues with online payment,payment_issue,payment_issue
help me to lodge a consumer claim,complaint,complaint
can uhelp me check my refund current status,refund,track_refund
i cant edit my shippin address,address_change,change_shipping_address
can you help me request an restitution of my money?,refund,get_refund
see order {{Order Number}} cuurrent status,tracking,track_order
refund {{Currency Symbol}}{{Refund Amount}},refund,get_refund
I am looking for information about an address update,address_change,change_shipping_address
I try to report errors with payment,payment_issue,payment_issue
i do not know what to do toi inform of payment problems,payment_issue,payment_issue
there are issues trying to edit the shipping address,address_change,change_shipping_address
"I want to see the ETA of my order, could you help me?",tracking,track_order
wana check the ETA of order {{Order Number}} will ya help me,tracking,track_order
there is anything new on my rebate,refund,track_refund
need help making a consumer complaint against ur company,complaint,complaint
I do not know how to cancel purchase {{Order Number}},cancel_order,cancel_order
could you help me receiving compensations of my money?,refund,get_refund
help to make a reclamation against your company,complaint,complaint
I have a problem updating the delivery address,address_change,change_shipping_address
where do I ask for a compensation?,refund,get_refund
I have to lodge a customer reclamation against your business,complaint,complaint
"my card was declined, can I report problems with payments?",payment_issue,payment_issue
i need help to obtain compensations,refund,get_refund
help me checking in which cases can i request reimbursements,refund,check_refund_policy
how to update my shipping address?,address_change,change_shipping_address
could I see in what cases can I ask for a refund?,refund,check_refund_policy
I expect a refund of {{Refund Amount}} dollars,refund,track_refund
help me lodge a customer complaint against ur company,complaint,complaint
I have to file a customer claim against your organization,complaint,complaint
I don't know how I could see purchase {{Order Number}} status,tracking,track_order
help filing a customer complant against ur business,complaint,complaint
can uhelp me check if there are any updates on the rebate,refund,track_refund
rebating {{Currency Symbol}}{{Refund Amount}},refund,get_refund
want assistance to make a reclamation against ur business,complaint,complaint
can uhelp me lodge a customer complaint agazinst ur company,complaint,complaint
how to check my restitution status?,refund,track_refund
"I have got to file a bloody reclamation, will you help me?",complaint,complaint
where could I check the current status of the compensation?,refund,track_refund
I'm waiting for a restitution of {{Refund Amount}} dollars,refund,track_refund
where do I lodge a custmoer reclamation?,complaint,complaint
supports editing the address,address_change,change_shipping_address
can you help me make a customer complaint?,complaint,complaint
want assistance cancelling purchase {{Order Number}},cancel_order,cancel_order
I can no longer afford purchase {{Order Number}},cancel_order,cancel_order
"I have to track my compensation, can you help me?",refund,track_refund
I need assistance editing my delivery address,address_change,change_shipping_address
I want to see in which situations can I ask for refunds,refund,check_refund_policy
assistance cancelling purchase {{Order Number}},cancel_order,cancel_order
I want tocheck in which cases can I request to be reimbursed,refund,check_refund_policy
where can I make a consumer claim against your company?,complaint,complaint
where do I see the ETA of purchase {{Order Number}}?,tracking,track_order
"I cannot pay, I have to inform of a problem with payments",payment_issue,payment_issue
help solving a payment problem,payment_issue,payment_issue
help to receive rebates of money,refund,get_refund
want help to track the reimbursement,refund,track_refund
hgow can I inform of issues with payments?,payment_issue,payment_issue
i try to inform of issues with payments,payment_issue,payment_issue
need help to notify of problems with paymenst,payment_issue,payment_issue
i want assistance trying to update my address,address_change,change_shipping_address
see under what circumstances can I ask for a refund,refund,check_refund_policy
i need help to report a payment error,payment_issue,payment_issue
how can I track the compensation?,refund,track_refund
need to report a payment error,payment_issue,payment_issue
I need assistance to get a reimbursement,refund,get_refund
I want help to check the ETA of order {{Order Number}},tracking,track_order
wanna know more about a shipping address update,address_change,change_shipping_address
I do not know what I need to do to request rebates,refund,get_refund
can uhelp me see if there are any news on my refund,refund,track_refund
help to see if there are any news on my rebate,refund,track_refund
can you help me obtaining a compensation?,refund,get_refund
want help to file a customer claim against ur company,complaint,complaint
I have issues trying to update the shipping address,address_change,change_shipping_address
I have got to see purchase {{Order Number}} current status,tracking,track_order
help solving a trouble with online payment,payment_issue,payment_issue
help seeing your reimbursement policy,refund,check_refund_policy
"I have to check purchase {{Order Number}} status, I need assistance",tracking,track_order
can you help me notifying of an issue with payment?,payment_issue,payment_issue
I need assistance solving a trouble with payment,payment_issue,payment_issue
"I am unhappy with your work, I want to file a consumer claim",complaint,complaint
i have to check in which cases can i ask to be refunded,refund,check_refund_policy
I don't know how I can notify of a problem with payments,payment_issue,payment_issue
could you help me demanding rebates of mony?,refund,get_refund
can i see under which circjmstances can i ask for refunds,refund,check_refund_policy
where do I inform of issues with online payment?,payment_issue,payment_issue
I need assistance checking my compensation status,refund,track_refund
reporting issues with payments,payment_issue,payment_issue
could you help me checking the refund current status?,refund,track_refund
I do not know how to ask for rebates of my money,refund,get_refund
how can I check the refund current status?,refund,track_refund
I have problems correcting my address,address_change,change_shipping_address
i cannot pay for puchase {{Order Number}} how could i cancel it,cancel_order,cancel_order
where to track the reimbursement,refund,track_refund
I don't know how I can request a rebate,refund,get_refund
need heop seeing the ETA of the purchase {{Order Number}},tracking,track_order
see in what cases can I ask for a refund,refund,check_refund_policy
want help to see the status of purchase {{Order Number}},tracking,track_order
i need help seeing in what cases can i ask for my money back,refund,check_refund_policy
how do I see order {{Order Number}} current status?,tracking,track_order
I do not know how I can see the current status of my refund,refund,track_refund
want assistance checking the eta of order {{Order Number}},tracking,track_order
"I put the old address by mistake, how do I modify it?",address_change,change_shipping_address
need assistance to request rebates of my money,refund,get_refund
ohw to cancel order {{Order Number}},cancel_order,cancel_order
assisance seeing in what cases can i request a refund,refund,check_refund_policy
i want assistance to see the eta of order {{Order Number}},tracking,track_order
I need to see under what circumstances can I ask for refunds,refund,check_refund_policy
want help to file a claim against your organization,complaint,complaint
assistance seeing in what cases can I ask to be reimbursed,refund,check_refund_policy
assistance with payment,payment_issue,payment_issue
assistance trying to edit the address,address_change,change_shipping_address
help me seeing if there are any news on my reimbursement,refund,track_refund
where do i track the refund,refund,track_refund
how can i see the current status of order {{Order Number}},tracking,track_order
i dont know how i can see the restitution status,refund,track_refund
i havegot to cancel purchase {{Order Number}},cancel_order,cancel_order
I no longer want order {{Order Number}},cancel_order,cancel_order
help me checking the status of purchase {{Order Number}},tracking,track_order
can uhelp me to check the ETA of purchase {{Order Number}},tracking,track_order
i dont know what to do to make a complaint,complaint,complaint
support correcting my address,address_change,change_shipping_address
is it possible to see if there are any updates on my refund,refund,track_refund
need assistance filing a reclamation against your company,complaint,complaint
wanna inform of issues with payment,payment_issue,payment_issue
how can i obtain a rebate of money,refund,get_refund
could uhelp me see the eta of purchase {{Order Number}},tracking,track_order
I want help to report a bloody error with onlien payments,payment_issue,payment_issue
I want help to see my rebate current status,refund,track_refund
I expect a damn rebate of {{Refund Amount}} dollars,refund,track_refund
help filing a damn customer reclamation,complaint,complaint
"I want to see the status of order {{Order Number}}, I need help",tracking,track_order
give me information about updating my delivery address,address_change,change_shipping_address
I do not know how I can correct my shgipping address,address_change,change_shipping_address
how to lodge a consumer complaint against your business?,complaint,complaint
can uhelp me see my reimbursement current status,refund,track_refund
is it possible to get a reimbursement?,refund,get_refund
I want help solving a problem with online payment,payment_issue,payment_issue
lodging customer claim against ur company,complaint,complaint
could ya help me receive a rebate,refund,get_refund
"I bought the same item twice, cancel order {{Order Number}}",cancel_order,cancel_order
help me make a complaint against ur business,complaint,complaint
need assistance modifying the delivery address,address_change,change_shipping_address
can ya tell me more about changing the shipping address,address_change,change_shipping_address
I need to know if there is anything new on my refund,refund,track_refund
i want information about correcting the shiping address,address_change,change_shipping_address
I want support trying to correct my delivery address,address_change,change_shipping_address
tell me about a delivery address change,address_change,change_shipping_address
supports editnig my delivery address,address_change,change_shipping_address
i want help seeing purchase {{Order Number}} curtent status,tracking,track_order
i cannot check the refund current status,refund,track_refund
I am trying to see in what situations can I ask for a refund,refund,check_refund_policy
could you help menotifying of troubles with online payment?,payment_issue,payment_issue
help me to see if there is anything new on the reimbursement,refund,track_refund
i need help checking the status or purchase {{Order Number}},tracking,track_order
i paidx {{Currency Symbol}}{{Refund Amount}} for an article want help to obtain a refund,refund,get_refund
showing reimbursement status,refund,track_refund
can uhelp me see the ETA of purchase {{Order Number}},tracking,track_order
how do I report issues with online paymnets?,payment_issue,payment_issue
how do i demand refunds of my money,refund,get_refund
I need help making a claim against your business,complaint,complaint
need help lodging a consumer claim against your organization,complaint,complaint
I have got to obtain reimbursements of money,refund,get_refund
i dont know how to check the ETA of purchase {{Order Number}},tracking,track_order
i want help to inform of errors with payments,payment_issue,payment_issue
where do I check the current status of order {{Order Number}}?,tracking,track_order
i do not know what to do to report a trouble with payment,payment_issue,payment_issue
want assistance obtaining reimbursements,refund,get_refund
help me to request a restitution of money,refund,get_refund
want assistance to check ur money back policy,refund,check_refund_policy
I would like to modify my address,address_change,change_shipping_address
I try to notify of an error with online payment,payment_issue,payment_issue
I'm calling to make a claim against ur company,complaint,complaint
need assistance with canceling order {{Order Number}},cancel_order,cancel_order
help with payments,payment_issue,payment_issue
show me in what casescan i request my money back,refund,check_refund_policy
i have an issue changing my shipping address,address_change,change_shipping_address
"I have entered a wrong delivery address, help me changing it",address_change,change_shipping_address
demanding rebate of money,refund,get_refund
i try to inform of an error with online payments,payment_issue,payment_issue
assistance to notify of issues with online payments,payment_issue,payment_issue
want assistance to change my delivery address,address_change,change_shipping_address
I am trying to receive a compensation,refund,get_refund
help cancelling order {{Order Number}},cancel_order,cancel_order
lodge customer complaint against your organization,complaint,complaint
want help to report a trouble with online payment,payment_issue,payment_issue
I am trying to see how long refunds usually take,refund,check_refund_policy
where can I lodge a fucking reclamation?,complaint,complaint
help me see in what case can i request the bloody refunds,refund,check_refund_policy
i dont want order {{Order Number}} could i cancel it,cancel_order,cancel_order
"I paid {{Currency Symbol}}{{Refund Amount}} for an item, help me getting a goddamn rebate",refund,get_refund
I do not know what I need to do to demand a refund,refund,get_refund
help to see inwhich situations can I ask to be refunded,refund,check_refund_policy
i need assistance checking my rebate status,refund,track_refund
i want support trying to change the address,address_change,change_shipping_address
I don't know what I have to do to see my compensation status,refund,track_refund
show me in which situations can I ask to be refunded,refund,check_refund_policy
I need help demanding compensations of my money,refund,get_refund
want help filing a cudtomer claim against ur organization,complaint,complaint
I don't know how to request a refund of money,refund,get_refund
I need help to check the current status of my refund,refund,track_refund
supports trying to update my address,address_change,change_shipping_address
I want help to ask for my money back,refund,get_refund
I'm waiting for a refund of {{Currency Symbol}}{{Refund Amount}},refund,track_refund
i do not know what to do to rerquest a compensation of money,refund,get_refund
"I am unhappy with your services, how to lodge a reclamation?",complaint,complaint
need hedlp filing a consumer claim,complaint,complaint
"I cannot make a payment, how could I report bloody problems?",payment_issue,payment_issue
how can i make a customer complaint against ur organization,complaint,complaint
i have paid {{Currency Symbol}}{{Refund Amount}} for an item help me receive a compensation,refund,get_refund
i have to lodge a complaint against ur business,complaint,complaint
where do I lodge a consumer claim?,complaint,complaint
wanna see purchase {{Order Number}} current status,tracking,track_order
where can i modify the shipping address,address_change,change_shipping_address
I want assistance to change the address,address_change,change_shipping_address
I want to check in what cases can I request to be reimbursed,refund,check_refund_policy
I try to lodge a customer complaint,complaint,complaint
i dont know how to get a reimbursement of my money,refund,get_refund
help solving a goddamn error with online payments,payment_issue,payment_issue
assistance with canceling oreder {{Order Number}},cancel_order,cancel_order
help to see in what cases can I ask for my money back,refund,check_refund_policy
i want help modifying the address,address_change,change_shipping_address
how do I report an issue with online payment?,payment_issue,payment_issue
"I purchased some items, cancel order {{Order Number}}",cancel_order,cancel_order
help me make a customer claim against your company,complaint,complaint
I have got to inform of damn errors with online payment,payment_issue,payment_issue
need help tyo obtain fucking compensations,refund,get_refund
status of order {{Order Number}},tracking,track_order
"I want to check the status of my rebate, I need assistance",refund,track_refund
I want to see my rebate status,refund,track_refund
I want help to see the status of purchase {{Order Number}},tracking,track_order
can you help me to file a fucking customer reclamation?,complaint,complaint
filing claim against your business,complaint,complaint
I need to file a complaint,complaint,complaint
I need to obtain a rebate,refund,get_refund
i cant makr a transfer help me report a payment error,payment_issue,payment_issue
i need help to file a customer claim against ur company,complaint,complaint
I want help to see the status of my refund,refund,track_refund
what is my rebate status?,refund,track_refund
need help to see the status of my refund,refund,track_refund
"I have to see how long reimbursements take, I need help",refund,check_refund_policy
would it be possible to file a damn customer reclamation?,complaint,complaint
"I would like to locate order {{Order Number}}, I need help",tracking,track_order
assistance to modify my shipping address,address_change,change_shipping_address
assistance making a custolmer claim,complaint,complaint
I can't modify theaddress,address_change,change_shipping_address
want help to inform of errors with payments,payment_issue,payment_issue
"I need to see your goddamn refund policy, how do I do it?",refund,check_refund_policy
need to trafk order {{Order Number}} help me,tracking,track_order
can ya help me seeing if there are any news on my refund,refund,track_refund
i have to check ur money back guarantee help me,refund,check_refund_policy
"the payment failed, I want to notify of issues",payment_issue,payment_issue
"I entered a wrong shipping address, can I correct it?",address_change,change_shipping_address
help me checking if there are any news on my refund,refund,track_refund
need help to see in what cases can I request my money back,refund,check_refund_policy
i do not know how to obtain a compensation,refund,get_refund
how do I report troubles with payments?,payment_issue,payment_issue
I would like to see the status of my compensation,refund,track_refund
can you help me demanding a compensation of money?,refund,get_refund
i try to make a consumer reclamation against ur company,complaint,complaint
i want help seeing the ETA of order {{Order Number}},tracking,track_order
I need help solving errors with online paymnt,payment_issue,payment_issue
i have a tyrouble modifying my address,address_change,change_shipping_address
I'm trying to check the eta of purchase {{Order Number}},tracking,track_order
can I make a consumer reclamation against your organization?,complaint,complaint
assistance making a consumer reclamation against ur company,complaint,complaint
I can't see your money back policy,refund,check_refund_policy
i dont know whatto do to modify my address,address_change,change_shipping_address
want assistance notifying of errors with payments,payment_issue,payment_issue
"I would like to track the reimbursement, how could I do it?",refund,track_refund
i want assistance to ask for a reimbursement of money,refund,get_refund
could ya help me requesting compensations of my money,refund,get_refund
I would like to see in which cases can I request a refund,refund,check_refund_policy
where do i lodge a consumer claim against ur company,complaint,complaint
I want help checking the restitution current status,refund,track_refund
see ur reimbursement policy,refund,check_refund_policy
awnna see in what cases can i request reimbursements,refund,check_refund_policy
"the payment failed, help notifying of problems with payments",payment_issue,payment_issue
i try to change the shipping acdress,address_change,change_shipping_address
i want assistance reporting issueswith online payment,payment_issue,payment_issue
showing me estimated time of arrival of order {{Order Number}},tracking,track_order
"I want to file a damn consumer claim, how can I do it?",complaint,complaint
I need help with an address update,address_change,change_shipping_address
I am trying to cancel order {{Order Number}},cancel_order,cancel_order
help to notify of errors with online payments,payment_issue,payment_issue
I am trying to report bloody troubles with payment,payment_issue,payment_issue
"I chose a wrong shipping address, can I correct it?",address_change,change_shipping_address
need help seeing in which situations can I request refunds,refund,check_refund_policy
how to report an issue with online payments?,payment_issue,payment_issue
i chose a wrong address by mistake colud ya modify it,address_change,change_shipping_address
I submitted a wrong shipping address,address_change,change_shipping_address
filing customer reclamation against your organization,complaint,complaint
see in whnich situations can I request my money back,refund,check_refund_policy
help seeing if there are any updates on my reimbursement,refund,track_refund
can you help me see the status of the reimbursement?,refund,track_refund
"I want to check your regund policy, help me",refund,check_refund_policy
I need to file a customer claim against your organizaion,complaint,complaint
assistance seeing your money back policy,refund,check_refund_policy
I want help filing an customer claim,complaint,complaint
can ya help me to notify of an trouble with online payments,payment_issue,payment_issue
where do i obtain a reimbursement,refund,get_refund
help me notify of errors with online payment,payment_issue,payment_issue
i try to check the ETA of the order {{Order Number}},tracking,track_order
"I need to correct the address, can you help me?",address_change,change_shipping_address
I have errors trying to edit the address,address_change,change_shipping_address
i need assistance getting compensations of my money,refund,get_refund
i need assistance informing of payment issues,payment_issue,payment_issue
i have to check in which cases can i ask for a reimbursement,refund,check_refund_policy
help to see if there is anything wrong with the refund,refund,track_refund
issues with payments,payment_issue,payment_issue
help to see in which casescan i request reimbursements,refund,check_refund_policy
help to make a customer complaint,complaint,complaint
can you show me the status of order {{Order Number}}?,tracking,track_order
i try to see ur reimbursement policy,refund,check_refund_policy
want help to notify of troubles with payment,payment_issue,payment_issue
want help reporting a trouble with online payment,payment_issue,payment_issue
i have paid {{Currency Symbol}}{{Refund Amount}} for these items want help to get a rebate,refund,get_refund
where do i see the ETA of the roder {{Order Number}},tracking,track_order
i have problems editing my delivery address,address_change,change_shipping_address
"I expect a refund of {{Currency Symbol}}{{Refund Amount}}, was it processeed",refund,track_refund
in which situations can I ask for reimbursements?,refund,check_refund_policy
I want assistance to cancel order {{Order Number}},cancel_order,cancel_order
reimbursing {{Refund Amount}} ddollars,refund,get_refund
I have to check the goddamn current status of order {{Order Number}},tracking,track_order
how to inform of a payment error?,payment_issue,payment_issue
where to inform of a trouble with payment ?,payment_issue,payment_issue
I am calling to make a complaint against your company,complaint,complaint
help checking your money back policy,refund,check_refund_policy
I need help ot file a complaint against your company,complaint,complaint
show me in what situations can I request refunds,refund,check_refund_policy
what do i need to do to correct my shipping address,address_change,change_shipping_address
show me in which cases can I ask to be refunded,refund,check_refund_policy
there is an issue trying to change the address,address_change,change_shipping_address
I need to make a customer complaint against your company,complaint,complaint
I need assistancde cancelling order {{Order Number}},cancel_order,cancel_order
"I want to locate order {{Order Number}}, could I get some help?",tracking,track_order
what do I need to do to ask for rebates?,refund,get_refund
I want assistance lodging a claim against your company,complaint,complaint
i want assistance checking ur money back policy,refund,check_refund_policy
can you help me modifying my delivery address?,address_change,change_shipping_address
how can I ask for a rebate ?,refund,get_refund
"I would like to check your money back guarantee, help me",refund,check_refund_policy
make consumer reclamation against your business,complaint,complaint
I need help seeing your reimbursement policy,refund,check_refund_policy
can you help me making a claim against your company?,complaint,complaint
need help filing a reclamation,complaint,complaint
I nerd to check the ETA of the purchase {{Order Number}},tracking,track_order
need help with canceling purchase {{Order Number}},cancel_order,cancel_order
i dont know what to do to change the address,address_change,change_shipping_address
want help informing of a problem with online payments,payment_issue,payment_issue
i call to file a reclamation against ur company,complaint,complaint
I don't know how I could file a claim,complaint,complaint
I'm trying to see in which cases can i request refunds,refund,check_refund_policy
there is an issue changing my address,address_change,change_shipping_address
can you show me the current status of my refund?,refund,track_refund
could you help me to correct my shipping address?,address_change,change_shipping_address
I am calling to lodge a customer claim,complaint,complaint
how to update the shipping address?,address_change,change_shipping_address
can ya help me seeing if there is anything new on the refund,refund,track_refund
how to ask for a rebate of my money,refund,get_refund
there are errors editing the address,address_change,change_shipping_address
i cannot see the eta of order {{Order Number}},tracking,track_order
"my experience with you was awful, lodge a bloody claim",complaint,complaint
"I paid {{Currency Symbol}}{{Refund Amount}} for a product, I want to obtain a fucking rebate",refund,get_refund
i do not know how i can ask for rebates,refund,get_refund
I need help to see the ETA of purchase {{Order Number}},tracking,track_order
make customer complaint against ur company,complaint,complaint
I do not know how to see the status of purchase {{Order Number}},tracking,track_order
how to see the current status of the rebate,refund,track_refund
is it possible to notify of an error with payments,payment_issue,payment_issue
i dont know what to do to get a reimbursement,refund,get_refund
I can't locate order {{Order Number}},tracking,track_order
I try to know if there is anything new on my compensation,refund,track_refund
I need supports trying to update my shipping address,address_change,change_shipping_address
want assistance to file a consumer claim against ur company,complaint,complaint
file reclamation against your organization,complaint,complaint
what do i have to do to demand reimbursements of my money,refund,get_refund
help me making a reclamation against ur organizatuon,complaint,complaint
need help to see in what cases can I ask for refunds,refund,check_refund_policy
support editing my address,address_change,change_shipping_address
i exepct a restitution of {{Currency Symbol}}{{Refund Amount}},refund,track_refund
wanna ask for a compensatin of money,refund,get_refund
I try to see in what cases can I ask to be reimbursed,refund,check_refund_policy
I'm waiting for a reimbjrsement of {{Currency Symbol}}{{Refund Amount}},refund,track_refund
assistance ot check how long reimbursements take,refund,check_refund_policy
can uhelp me to see in which cases can i ask to be refunded,refund,check_refund_policy
help me ot get a restitution of my money,refund,get_refund
I need to notify of issues with online payment,payment_issue,payment_issue
making complaint against your organization,complaint,complaint
canyou help me get a compensation?,refund,get_refund
i have an error editing my delivery address,address_change,change_shipping_address
i have got to locate order {{Order Number}},tracking,track_order
I don't know how I can track my rebate,refund,track_refund
assistance to cancel purchase {{Order Number}},cancel_order,cancel_order
help informing of a problem with online payments,payment_issue,payment_issue
how to check ur refund policy,refund,check_refund_policy
I want help to check in which cases can I ask for a refund,refund,check_refund_policy
can you help me make a customer claim?,complaint,complaint
see how long refunds usually take,refund,check_refund_policy
help me seeing how long the damn reimbursements take,refund,check_refund_policy
I need assistance to solve a trouble with online paymentsd,payment_issue,payment_issue
i have to check if there are any news on the restitution,refund,track_refund
want help to see your reimbursement policy,refund,check_refund_policy
can you help me filing a consumer reclamation?,complaint,complaint
can you help me cancelling order {{Order Number}}?,cancel_order,cancel_order
supports changing the shipping address,address_change,change_shipping_address
need help seeing in what cases can i ask ofr reimbursements,refund,check_refund_policy
want help trying to edit my addres,address_change,change_shipping_address
I want help seeing if there is anything wrong with my refund,refund,track_refund
can you help me to report a trouble with payments?,payment_issue,payment_issue
I need assistance to check order {{Order Number}} current status,tracking,track_order
is it possible to receive refunds of money?,refund,get_refund
need help reporting errors with online payments,payment_issue,payment_issue
have problems wth canceling purchase {{Order Number}},cancel_order,cancel_order
i want help seeing the current status of purchase {{Order Number}},tracking,track_order
assistance seeing the current status of purchase {{Order Number}},tracking,track_order
where can I find information about an address update?,address_change,change_shipping_address
"I have to see my restitution status, how to do it?",refund,track_refund
I have to see in which cases can I sak for reimbursements,refund,check_refund_policy
where can I change the delivery address?,address_change,change_shipping_address
help me modifying the adress,address_change,change_shipping_address
where can I lodge a customer claim against your business?,complaint,complaint
can ya help me notify of a trouble with online payments,payment_issue,payment_issue
i no longer want purchase {{Order Number}},cancel_order,cancel_order
need help to see the ETA of the order {{Order Number}},tracking,track_order
can you show me in what cases can I request refunds?,refund,check_refund_policy
I am trying to inform of an error with paymenys,payment_issue,payment_issue
would it be possible to obtain a reimbursement of my money,refund,get_refund
i want assistace trying to correct the shipping address,address_change,change_shipping_address
I'm trying to notify of errors with online payments,payment_issue,payment_issue
where do I file an customer claim against your organization?,complaint,complaint
supports trying to change the address,address_change,change_shipping_address
how can i file a consumre claim against ur organization,complaint,complaint
I have a trouble changing my delivery address,address_change,change_shipping_address
want assistance canceling order {{Order Number}},cancel_order,cancel_order
I try to file a complaint against your organization,complaint,complaint
cancel order,cancel_order,cancel_order
can ya help me receive rebates,refund,get_refund
how can i demand refunds of my money,refund,get_refund
when can I expect a refund,refund,get_refund
I'm trying ot lodge a consumer complaint against ur company,complaint,complaint
need assistance solving problems with payment,payment_issue,payment_issue
need to change my shipping address,address_change,change_shipping_address
"I am waiting for a restitution of {{Currency Symbol}}{{Refund Amount}}, was it processed",refund,track_refund
"I chose a wrong shipping address, help me editing it",address_change,change_shipping_address
I try to see in what cases can I ask for reimbursements,refund,check_refund_policy
help me see in what situations can I request reimbursements,refund,check_refund_policy
"I have got to file a reclamation, can you help me?",complaint,complaint
I have to file a customer claim against your business,complaint,complaint
I don't know what to do to lodge a complaint,complaint,complaint
could you help me check the status of my restitution?,refund,track_refund
check under what circumstaces can i request a goddamn refund,refund,check_refund_policy
could ya help me checking the current status of my refund,refund,track_refund
I don't know how I can report an error with payment,payment_issue,payment_issue
check order {{Order Number}} status,tracking,track_order
want help notifying of a trouble with paymenst,payment_issue,payment_issue
need help to file an customer claim against ur organization,complaint,complaint
"I would like to see my compensation status, how do I do it?",refund,track_refund
I want help seeing if there are any news on my reimbursement,refund,track_refund
i do not know how to report a trouble with online payments,payment_issue,payment_issue
how can I file a customer complaint against your company?,complaint,complaint
i canr pay can ya help me report issues with online payment,payment_issue,payment_issue
what do I have to do to file a consumer complaint?,complaint,complaint
i need help trying to change the address,address_change,change_shipping_address
can i check the status of purchase {{Order Number}},tracking,track_order
want help seeing the refund status,refund,track_refund
show me in which situations can I ask to be reimbursed,refund,check_refund_policy
how do I notify of an issue with payment?,payment_issue,payment_issue
can ushow me order {{Order Number}} status,tracking,track_order
I have got to see in which cases can I ask for refunds,refund,check_refund_policy
"I have paid {{Currency Symbol}}{{Refund Amount}} for an item, help to receive my money back",refund,get_refund
questionn about canceling order {{Order Number}},cancel_order,cancel_order
need help checking if there are any updates on the refund,refund,track_refund
i want help trying to edit my delivery address,address_change,change_shipping_address
I don't know what to do to track the refund,refund,track_refund
i dont know how to report issues with online payments,payment_issue,payment_issue
want help to see in which situations can I ask for refunds,refund,check_refund_policy
how do i notify of a problem with online payments,payment_issue,payment_issue
I need help seeing how long refunds usually take,refund,check_refund_policy
I have to file a consumer complaint against your company,complaint,complaint
I don't know what to do to inform of errors with payment,payment_issue,payment_issue
can uhelpp me filing a reclamation against ur business,complaint,complaint
how do I check the current status of order {{Order Number}}?,tracking,track_order
where to file a customer complaint against ur business,complaint,complaint
i have a trouble updating my addrses,address_change,change_shipping_address
I have got to lodge a consumer complaint,complaint,complaint
I don't know what I have to do to lodge a customer claim,complaint,complaint
wanna know about an address modification,address_change,change_shipping_address
I cannot know if there are any updates on my damn refund,refund,track_refund
i cannot pay for my last item cancel order {{Order Number}},cancel_order,cancel_order
I have got to see the ETA of purchase {{Order Number}},tracking,track_order
I need help notifying of a trouble with online payments,payment_issue,payment_issue
need asistance filing a consumer claim against your business,complaint,complaint
want help to know if there are any updates on my restitution,refund,track_refund
I try to change the address,address_change,change_shipping_address
assistance to check the reimbursement status,refund,track_refund
I want help seeing in which situations can I ask for refunds,refund,check_refund_policy
help me check your refund policy,refund,check_refund_policy
want assistance to cancel order {{Order Number}},cancel_order,cancel_order
I have to lodge a consumerr claim against your company,complaint,complaint
would it be possible to see how long reimbursements take?,refund,check_refund_policy
I have problems changing my address,address_change,change_shipping_address
check the ETA of the purchase {{Order Number}},tracking,track_order
I try to check in what cases can I request my money back,refund,check_refund_policy
I can no longer afford order {{Order Number}},cancel_order,cancel_order
help me check in which cases can i ask for reimbursements,refund,check_refund_policy
I don't know how I can see your money back guarantee,refund,check_refund_policy
I need help to locate order {{Order Number}},tracking,track_order
I don't know how I can cancel purchase {{Order Number}},cancel_order,cancel_order
i do not know how to get a rebate of money,refund,get_refund
I want assistance filing a customer claim,complaint,complaint
"I need to track my compensation, could I get some help?",refund,track_refund
how to know if there is anything new on the reimbursement,refund,track_refund
can ya tell me about a delivery address update,address_change,change_shipping_address
help me seeing in which situations can I request a refund,refund,check_refund_policy
I have to file a consumer complaint,complaint,complaint
Iam trying to notify of troubles with online payment,payment_issue,payment_issue
I do not know how I can receive a refund of my money,refund,get_refund
I don't know what I have to do to file a customer complaint,complaint,complaint
there is a problem trying to modify the delivery address,address_change,change_shipping_address
help to see in what cases can I request to be refunded,refund,check_refund_policy
I want to see in which cases can I ask for my money back,refund,check_refund_policy
help me informof errors with online payment,payment_issue,payment_issue
i have to see the ETA of order {{Order Number}} can ya help me,tracking,track_order
I try to make a consumer claim against your business,complaint,complaint
I don't know how to see oder {{Order Number}} status,tracking,track_order
assistance checking howlong reimbursements take,refund,check_refund_policy
i cannot see tge eta of the purchase {{Order Number}},tracking,track_order
can you help me solve a problem with online payment?,payment_issue,payment_issue
I need help seeing in which cases can I ask to be reimbursed,refund,check_refund_policy
I want support trying to change my address,address_change,change_shipping_address
want assistance to check your refund policy,refund,check_refund_policy
"my bloody delivery address changed, can I update it?",address_change,change_shipping_address
how can I obtain goddamn rebates of my money?,refund,get_refund
want help to make a consumer complaint against ur company,complaint,complaint
where to make a customer complaint against ur company,complaint,complaint
"I have to check the rebate status, I need assistance",refund,track_refund
wanna check in what cases can i ask to be reimbursed,refund,check_refund_policy
I need to inform of an error with online payments,payment_issue,payment_issue
want supports trying to modify the delivery address,address_change,change_shipping_address
help checking in which cases can I request to be refunded,refund,check_refund_policy
"I have got to see your refund policy, help me",refund,check_refund_policy
there is an error modifying my delivery address,address_change,change_shipping_address
could you help me to request a restitution of my money?,refund,get_refund
help me seeing in what cases can I request a reimbursement,refund,check_refund_policy
help to check the ETA of purchase {{Order Number}},tracking,track_order
under which circumstances can I ask for my money back?,refund,check_refund_policy
I try to notify of an error with online payments,payment_issue,payment_issue
I'm calling to make a complaint against ur company,complaint,complaint
I need help to inform of errors with online payment,payment_issue,payment_issue
how to check order {{Order Number}} current status?,tracking,track_order
what do I have to do to report problems with payment?,payment_issue,payment_issue
I want to receive a reimbursement of my money,refund,get_refund
see the status of the reimbursement,refund,track_refund
i try to see if there are any updates on my refund,refund,track_refund
I need to see in what situations can I request my money back,refund,check_refund_policy
getting refund,refund,get_refund
i cannot track purchase {{Order Number}},tracking,track_order
I don't know what I need to do to notify of a payment issue,payment_issue,payment_issue
"I want to correct my delivery address, how do I do it?",address_change,change_shipping_address
I need assistance to check my restitution status,refund,track_refund
i want assistance to inform of issues with onlinbe payments,payment_issue,payment_issue
help me to notify of an reror with payments,payment_issue,payment_issue
I want assistance to file a claim against your organization,complaint,complaint
how can I make a complaint against your company?,complaint,complaint
where to lodge a reclamation against your business ?,complaint,complaint
I ned assistance solving an error with payments,payment_issue,payment_issue
i expect an rebate of {{Refund Amount}} dollars,refund,track_refund
"I paid {{Refund Amount}} dollars for this item, I want to obtain a refund",refund,get_refund
"I have to file a reclamation, I need assistance",complaint,complaint
I'm trying to notify of a trouble with online payments,payment_issue,payment_issue
help canceling purchase {{Order Number}},cancel_order,cancel_order
need to check the eta of order {{Order Number}},tracking,track_order
where could I edit the address?,address_change,change_shipping_address
I don't know how to get refunds,refund,get_refund
I am trying to cancel purchaes {{Order Number}},cancel_order,cancel_order
could I see in what situations can I ask for reimbursements?,refund,check_refund_policy
want assistance updating the address,address_change,change_shipping_address
help checking in which situations can i ask to be erimbursed,refund,check_refund_policy
where do i notify of a problem with online payments,payment_issue,payment_issue
where do I inform of problems with online payments?,payment_issue,payment_issue
I don't know how I can obtain rebates,refund,get_refund
checking order {{Order Number}} stagus,tracking,track_order
i want help solving issues with online payment,payment_issue,payment_issue
I need to see the current status of my refund,refund,track_refund
i expect a damn restitution of {{Currency Symbol}}{{Refund Amount}},refund,track_refund
help me to make a customer claim,complaint,complaint
my card was declined i wanna inform of troubles with payment,payment_issue,payment_issue
i have to receive rebates of money,refund,get_refund
want assistance seeing in what cases can I request a refund,refund,check_refund_policy
check my reimbursement status,refund,track_refund
i dont know what i have to do to update my shipping address,address_change,change_shipping_address
I have to check in which cases can I request refdunds,refund,check_refund_policy
i do not know how to inform of a trouble withpayments,payment_issue,payment_issue
can you help me to lodge a claim against your business?,complaint,complaint
I have an error correcting the goddamn delivery address,address_change,change_shipping_address
I call to file a claim,complaint,complaint
i dont know how i can check the eta of my last delivery,tracking,track_order
need help cancelling order {{Order Number}},cancel_order,cancel_order
where do i check the status of order {{Order Number}},tracking,track_order
help getting a reimbursement of my money,refund,get_refund
i need supports changing the delivery address,address_change,change_shipping_address
how do I update the shipping address?,address_change,change_shipping_address
i need assistance asking for a compensation of my money,refund,get_refund
can you help me to ask for a reimbursement of my money?,refund,get_refund
"I want to notify of errors with payment, how to do it?",payment_issue,payment_issue
how to see order {{Order Number}} damn status,tracking,track_order
how to inform of a damn problem with online payments?,payment_issue,payment_issue
want help to file a customer claim,complaint,complaint
i need assistance canceling order {{Order Number}},cancel_order,cancel_order
can you help me correct my delivery address?,address_change,change_shipping_address
I try to demand a refund,refund,get_refund
can you help me correct my goddamn shipping address?,address_change,change_shipping_address
can uhelp me file a claim,complaint,complaint
wanna see the eta of order {{Order Number}} how can i do it,tracking,track_order
I don't know what I have to do to demand my money back,refund,get_refund
I'm trying to cancel order {{Order Number}},cancel_order,cancel_order
"I bought something, help me cancel purchasae {{Order Number}}",cancel_order,cancel_order
i put my old address by mistake i need help updating it,address_change,change_shipping_address
I cannot see the current status of purchase {{Order Number}},tracking,track_order
assistance obtaining a refund,refund,get_refund
help to lodge a customer reclamation against your company,complaint,complaint
I cannot see your refund policy,refund,check_refund_policy
could you help me file a customer reclamation?,complaint,complaint
I need to file a customer complaint against your company,complaint,complaint
I need assistance cancelling purcjase {{Order Number}},cancel_order,cancel_order
where do I lodge a complaint against your company?,complaint,complaint
where do I update my delivery address ?,address_change,change_shipping_address
i have to see in what casescan i request a reimbursement,refund,check_refund_policy
I have problems trying to update my address,address_change,change_shipping_address
help me seeing the current status of my reimbursement,refund,track_refund
help me file a customer complaint against your company,complaint,complaint
I want help to see in what situations can I ask for refunds,refund,check_refund_policy
reimburse {{Currency Symbol}}{{Refund Amount}},refund,get_refund
help me to see the ETA of order {{Order Number}},tracking,track_order
i need help to file a complaint,complaint,complaint
i want help seeing my reimbursement status,refund,track_refund
"I have to see in what cases can I request refunds, help me",refund,check_refund_policy
I don't know how to change the shipping address,address_change,change_shipping_address
I want to inform of an issue with online payments,payment_issue,payment_issue
where can I see if there are any updates on the restitution?,refund,track_refund
I expect a rebate of {{Refund Amount}} dollars,refund,track_refund
I try to check in what situations can I ask for refunds,refund,check_refund_policy
assistance to get a rebate,refund,get_refund
I need supports trying to modify the address,address_change,change_shipping_address
I need assistance to check your reimbursement policy,refund,check_refund_policy
want assistance checking the ETA of orfer {{Order Number}},tracking,track_order
see restitution current status,refund,track_refund
I have to inform of issues with payments,payment_issue,payment_issue
how could i check the ETA of the order {{Order Number}},tracking,track_order
I have got to know if there are any updates on my rebate,refund,track_refund
I need to file a reclamation against your organization,complaint,complaint
where do I file a claim against your company?,complaint,complaint
need helpsolving problems with online payment,payment_issue,payment_issue
can I see in what situations can I request to be reimbursed?,refund,check_refund_policy
I want help seeing purchase {{Order Number}} status,tracking,track_order
i bought some damn item help to cancep order {{Order Number}},cancel_order,cancel_order
I'm trying to see the rebate current status,refund,track_refund
need help to report an issue with payment,payment_issue,payment_issue
can uhelp me to inform of issues with payments,payment_issue,payment_issue
need help to solv problems with online payment,payment_issue,payment_issue
I have got to make a customer reclamation,complaint,complaint
i try to lodge a cliam,complaint,complaint
give me information about changing my address,address_change,change_shipping_address
want help to report a trouble with payment,payment_issue,payment_issue
want helpmaking a consumer reclamation against ur company,complaint,complaint
I try to make a consumer reclamation,complaint,complaint
I have issues trying to change the damn address,address_change,change_shipping_address
I need to see purchase {{Order Number}} current status,tracking,track_order
can ya show me the eta of order {{Order Number}},tracking,track_order
I need assistance trying to modify the shipping address,address_change,change_shipping_address
i cannot see the current staus of purchase {{Order Number}},tracking,track_order
seed under which circumstances can I ask for a refund,refund,check_refund_policy
how to inform of a payment issue,payment_issue,payment_issue
want help filing a claim,complaint,complaint
"I submitted a wrong delivery address, can I modify it?",address_change,change_shipping_address
I want to see in what cases can I ask for refunds,refund,check_refund_policy
assistance to solve issues with online payment,payment_issue,payment_issue
assistance to inform of problems with online payments,payment_issue,payment_issue
I need help modifying the delivery address,address_change,change_shipping_address
help making a consumer claim against your organization,complaint,complaint
help me modify ym shipping address,address_change,change_shipping_address
i dont wat order {{Order Number}} cancel it,cancel_order,cancel_order
need help checking the current status ofv the compensation,refund,track_refund
I have a trouble editing the address,address_change,change_shipping_address
I have to check the ETA of the order {{Order Number}},tracking,track_order
i have got to demand restitutions of my money,refund,get_refund
i dont know how i could file a fucking customer reclamation,complaint,complaint
help receiving a refund of money,refund,get_refund
help to see order {{Order Number}} status,tracking,track_order
i do not know what i need to do to get refunds of money,refund,get_refund
how can I notify of an error with online payments?,payment_issue,payment_issue
help me see how long the bloody reimbursements usually take,refund,check_refund_policy
where to report probles with online payment,payment_issue,payment_issue
how can I find information about a shipping address update?,address_change,change_shipping_address
what do I have to do to make a complaint?,complaint,complaint
"I entered a wrong address, how do I update it?",address_change,change_shipping_address
I have to receive a reimbursement of money,refund,get_refund
help me to see your goddamn refund policy,refund,check_refund_policy
find information about modifying the shipping address,address_change,change_shipping_address
wanna see ur refund policy caan ya help me,refund,check_refund_policy
where can I report a problem with online payments?,payment_issue,payment_issue
I ned help checking the rebate current status,refund,track_refund
need help informing of a problem with online payments,payment_issue,payment_issue
where can i check purchase {{Order Number}} status,tracking,track_order
see purchase {{Order Number}} goddamn status,tracking,track_order
can you help me notify of errors with payment?,payment_issue,payment_issue
check in whicch cases can i ask to be refunded,refund,check_refund_policy
what do I have to do to check your reimbursement policy?,refund,check_refund_policy
can ya help me to lodge a reclamatiom against ur company,complaint,complaint
I don't know what to do to correct my address,address_change,change_shipping_address
how to correct the shipping address,address_change,change_shipping_address
i need information about editing the shipping address,address_change,change_shipping_address
I have to get a compensation of money,refund,get_refund
need help to see in which cases can I request my money bac,refund,check_refund_policy
"I am not happy with your services, I need to file a claim",complaint,complaint
how could I check your money back policy?,refund,check_refund_policy
I need assistance to notify of a payment error,payment_issue,payment_issue
I need help to demand a goddamn reimbursement,refund,get_refund
requesting rebate,refund,get_refund
I do not kow how to lodge a consumer claim,complaint,complaint
"I need to check my reimbursement status, will you help me?",refund,track_refund
"I paid {{Currency Symbol}}{{Refund Amount}} for this item, help obtaining a reimbursement",refund,get_refund
I try to correct the shipping address,address_change,change_shipping_address
need help requesting a reimbursement,refund,get_refund
I do not know how to check the rebate current status,refund,track_refund
i do not know how to request a rebate of money,refund,get_refund
help me to check the current status of the compensation,refund,track_refund
"I can no longer afford order {{Order Number}}, can I cancel it?",cancel_order,cancel_order
i dont know how i can receive a reimbursement,refund,get_refund
what do I need to do to lodge a claim against your company?,complaint,complaint
help to ask for a rebate of my money,refund,get_refund
help to demand a rebate of my money,refund,get_refund
"my address has changed, how could I change it?",address_change,change_shipping_address
tell me more abou editing my address,address_change,change_shipping_address
help to ask for refunds of money,refund,get_refund
where do I check my last purchase estimated time of arrival?,tracking,track_order
what do I need to do to see my compensation current status?,refund,track_refund
i cannot check if there is anything new on the reimbursement,refund,track_refund
cancel purchase732201349959,cancel_order,cancel_order
can ugive me information about changing my delivery address,address_change,change_shipping_address
lodge consumer reclamation,complaint,complaint
i have to check in which cases can i ask for a refund,refund,check_refund_policy
I need help trying to update the shipping address,address_change,change_shipping_address
help checking in what situations can I ask to be refunded,refund,check_refund_policy
i cant check if there is anything new on my restitution,refund,track_refund
I need information about a delivery address update,address_change,change_shipping_address
I want assistance to solve a trouble with online payment,payment_issue,payment_issue
make complaint against your organization,complaint,complaint
how can i see if there are any news on my rebate,refund,track_refund
want help to file a customer reclamation against ur business,complaint,complaint
I do not know how I can request refunds of money,refund,get_refund
want help obtaining refunds of my money,refund,get_refund
"my experience with your brand was bad, lodge a reclamation",complaint,complaint
is it possible to inform of an error with online payments?,payment_issue,payment_issue
where could I lodge a reclamation against your organization?,complaint,complaint
help me request compensations,refund,get_refund
I want assistance to lodge a complaint against your business,complaint,complaint
I have got to file a consumer claim against your company,complaint,complaint
my experience with ya was terrible help maing a claim,complaint,complaint
can you help me request compensations of money?,refund,get_refund
I need assistance to check the status of my compensation,refund,track_refund
I want to see the status of order {{Order Number}},tracking,track_order
i dont know what i have to do to track the restitution,refund,track_refund
I want assistance lodging a reclamation,complaint,complaint
help me seeing in what cases can I ask for refunds,refund,check_refund_policy
help with canceling purchase {{Order Number}},cancel_order,cancel_order
I need to see in what situations can I ask to be refunded,refund,check_refund_policy
need assistance to see in what cases can i ask for refunds,refund,check_refund_policy
can you show me the current status of order {{Order Number}}?,tracking,track_order
what si your money back guarantee?,refund,check_refund_policy
I want hwlp to correct the shipping address,address_change,change_shipping_address
how to repirt problems with online payments,payment_issue,payment_issue
can you help me receiving rebates of money?,refund,get_refund
I do not know how I can make a customer reclamation,complaint,complaint
where could I file a consumer claim against your company?,complaint,complaint
i dont know how to see the eta of order {{Order Number}},tracking,track_order
is it possible to see purchase {{Order Number}} current status,tracking,track_order
assistance to see if there are any news on the compensation,refund,track_refund
lodging claim,complaint,complaint
"I paid {{Currency Symbol}}{{Refund Amount}} for a purchase, how to receive a compensation?",refund,get_refund
need help notifying of an error with payment,payment_issue,payment_issue
i try tosee under what circumstances can i ask for refunds,refund,check_refund_policy
assistance editing my delivery address,address_change,change_shipping_address
"I am unsatisfied with your services, how can I make a claim?",complaint,complaint
how do I edit my address?,address_change,change_shipping_address
help me solving troubles with payment,payment_issue,payment_issue
i need assistance with a shipping address correction,address_change,change_shipping_address
i do not know what i have to do to ask for a rebate of money,refund,get_refund
what do I need to do to lodge a customer complaint?,complaint,complaint
help checking in which situations can I ask for a refund,refund,check_refund_policy
is it possible to notify of troubles with online payments?,payment_issue,payment_issue
where could i inform of problems with online payments,payment_issue,payment_issue
I want help trying to moidfy my address,address_change,change_shipping_address
"I paid {{Currency Symbol}}{{Refund Amount}} for an item, I need a compensation",refund,get_refund
what do I have to do to lodge a reclamation?,complaint,complaint
i have paid {{Currency Symbol}}{{Refund Amount}} for an item help receiving a reimbursement,refund,get_refund
"I get an error when I try to make a payment, inform of it",payment_issue,payment_issue
I'm waiting for a rebate of {{Currency Symbol}}{{Refund Amount}} was it processed,refund,track_refund
i do not know what i need to do to get retsitutions of money,refund,get_refund
how can i report problems with online payments,payment_issue,payment_issue
making customer complaint,complaint,complaint
I don't know how I can check the ETA of order {{Order Number}},tracking,track_order
how do i see the damn status of order {{Order Number}},tracking,track_order
I'm trying to check in which cases can i ask for a refund,refund,check_refund_policy
i have an question about the payment,payment_issue,payment_issue
help me to inform of troubles with online payments,payment_issue,payment_issue
I am waiting for a compensation of {{Refund Amount}} dollars,refund,track_refund
want assistance seeing your money back policy,refund,check_refund_policy
where could I check the rebate status?,refund,track_refund
I would like to lodge a consumer claim against your business,complaint,complaint
want help updating the address,address_change,change_shipping_address
what do i need to do to obtain reimbursements of my money,refund,get_refund
I'm waiting for a reimbursement of 160dollars,refund,track_refund
"I want to track purchase {{Order Number}}, I need help",tracking,track_order
where do i cancel order {{Order Number}},cancel_order,cancel_order
hdlp me to make a consumer complaint against your company,complaint,complaint
can I check in which situations can I ask to be refunded?,refund,check_refund_policy
need assistance solving an issue with online paymenst,payment_issue,payment_issue
"I don't want this item, cancel order {{Order Number}}",cancel_order,cancel_order
i expect a compensqtion of {{Refund Amount}} dollars,refund,track_refund
I want help to file a reclamation against your business,complaint,complaint
is it possible to make a reclamation against your company?,complaint,complaint
I don't know what to do to get a reimbursement,refund,get_refund
I am waiting for a damn rebate of {{Refund Amount}} dollars,refund,track_refund
I don't know how I can check my compensation status,refund,track_refund
i have to request a rebate of my money,refund,get_refund
where do I check the ETA of the purchase {{Order Number}}?,tracking,track_order
want support updating the delivery dadress,address_change,change_shipping_address
what do i have to do to inform of problems with payments,payment_issue,payment_issue
"the experience with you was too bad, help me lodge a claim",complaint,complaint
i need help checking in what cases can i ask for refunds,refund,check_refund_policy
help me editing the shipping address,address_change,change_shipping_address
i need assistance informing of an issue with online payments,payment_issue,payment_issue
my experience with ur brand was awful make a claim,complaint,complaint
help me to file a claim,complaint,complaint
I don't know how I can make a customer complaint,complaint,complaint
i dont know what i need to do to obtain rebates of money,refund,get_refund
can I check the ETA of order {{Order Number}}?,tracking,track_order
there is a problem trying to edit my address,address_change,change_shipping_address
i try to lodge a reclamation against ur business,complaint,complaint
wanna locate purchase {{Order Number}} how could i do it,tracking,track_order
can you help me filing a complaiont?,complaint,complaint
want assistance to notify of a problem with payment,payment_issue,payment_issue
i dont know what to do to report troubles with payments,payment_issue,payment_issue
i dont know what i have to do to lodge as consumer claim,complaint,complaint
is it possible to ask for a rebate?,refund,get_refund
assistance checking the restitution current status,refund,track_refund
need assistance getting a refund of my money,refund,get_refund
I want help making a complaint against your organization,complaint,complaint
rebating {{Refund Amount}} dollars,refund,get_refund
"I paid {{Currency Symbol}}{{Refund Amount}} for a purchase, assistance obtaining a refund",refund,get_refund
help me to cancel purchase {{Order Number}},cancel_order,cancel_order
how could i see the eta of the order {{Order Number}},tracking,track_order
I would like to see in which cases can I request refunds,refund,check_refund_policy
need to lodge a reclamation,complaint,complaint
I want help tosee the status of order {{Order Number}},tracking,track_order
I want help to report an issue with online payment,payment_issue,payment_issue
when am i gonna obtain a reimbursement of money,refund,get_refund
i have an error trying to correct my address,address_change,change_shipping_address
"I can't pay, assistance reporting troubles with payment",payment_issue,payment_issue
"I need to know if there are any news on my rebate, help me",refund,track_refund
I am waitig for a damn reimbursement of {{Refund Amount}} dollars,refund,track_refund
I am trying to see order {{Order Number}} status,tracking,track_order
I want to see in which cases can I request a refund,refund,check_refund_policy
"I have to check the status of my compensation, I need help",refund,track_refund
"I have bought some items, cancel order {{Order Number}}",cancel_order,cancel_order
I have to check in what cases can I ask for a reimbursement,refund,check_refund_policy
I don't know what I have to do to ask for reimbursements,refund,get_refund
I have a problem correcting te shipping address,address_change,change_shipping_address
need assistance seeing ur money back guarantee,refund,check_refund_policy
"I am waiting for a compensation of {{Currency Symbol}}{{Refund Amount}}, was it processed",refund,track_refund
i try to receive a rebate of money,refund,get_refund
how can I modify the address?,address_change,change_shipping_address
i want assistance to inform of a problem with online payment,payment_issue,payment_issue
show me purchase {{Order Number}} status,tracking,track_order
I do not know how to lodge a customer claim,complaint,complaint
i need help with canceling order {{Order Number}},cancel_order,cancel_order
I do not know how I can see purchase {{Order Number}} status,tracking,track_order
"I have to see your money back policy, I need help",refund,check_refund_policy
want help obtaining a refund of money,refund,get_refund
can you help me checking your reimbursement policy?,refund,check_refund_policy
can uhelp me making a reclamation against ur business,complaint,complaint
can ya help me to make a complaint against ur company,complaint,complaint
reporting issues with online payments,payment_issue,payment_issue
how do I update my delivery address?,address_change,change_shipping_address
reimbursing {{Refund Amount}} dollars,refund,get_refund
assistance to see the status of my compensation,refund,track_refund
Iwant to report an issue with online payments,payment_issue,payment_issue
I do not know how I can check your reimbursement policu,refund,check_refund_policy
I'm not happy with ur service need help to file a complaint,complaint,complaint
how can I report payment errors?,payment_issue,payment_issue
I would like to track the restitution,refund,track_refund
I don't know what I need to do to request rebates,refund,get_refund
what do I have to do to change my delivery address?,address_change,change_shipping_address
can i see under what circumstances can i ask for a refund,refund,check_refund_policy
file consumer complaint,complaint,complaint
I need to demnand reimbursements of money,refund,get_refund
want help to see in what cases can I request reimbursements,refund,check_refund_policy
I have problems with an address correction,address_change,change_shipping_address
can I see the current status of purchase {{Order Number}}?,tracking,track_order
I want to notify of an error with payments,payment_issue,payment_issue
I am waiting for a rebate fo {{Refund Amount}} dollars,refund,track_refund
i nee help to cancel order {{Order Number}},cancel_order,cancel_order
help me reporting problems with online payment,payment_issue,payment_issue
there are problems trying to correct ym shipping address,address_change,change_shipping_address
i do not know hoow i could check ur reimbursement policy,refund,check_refund_policy
assistance to check ur money back guarantee,refund,check_refund_policy
assistance filing a customer reclamation against ur business,complaint,complaint
see status of purchase {{Order Number}},tracking,track_order
I don't know what I need to do to edit my shipping address,address_change,change_shipping_address
need assistance demanding my money back,refund,get_refund
I want help to file a reclamation against your company,complaint,complaint
can uhelp me lodge a claim against ur business,complaint,complaint
can ya help me get reimbursements,refund,get_refund
I'd like to see order {{Order Number}} current status will uhelp me,tracking,track_order
assistance to ask for compensations,refund,get_refund
how to update the address,address_change,change_shipping_address
want help to see if there are any news on the rebate,refund,track_refund
consumer claim against your business,complaint,complaint
where do i inform of payment problems,payment_issue,payment_issue
I need to demand my money back,refund,get_refund
i have to notify of issues with payments,payment_issue,payment_issue
I need assistance seeing your goddamn money back guarantee,refund,check_refund_policy
need help to ask for restitutions of my money,refund,get_refund
I need help to cancel purchase370795561790,cancel_order,cancel_order
i dont know how i can see ur reimbursement policy,refund,check_refund_policy
how to ask for my money back,refund,get_refund
i want assistance to see the compensation current status,refund,track_refund
I would like to make a customer claim against your business,complaint,complaint
in what cases can I request the bloody reimbursements?,refund,check_refund_policy
problem with cancelig order {{Order Number}},cancel_order,cancel_order
"I have paid {{Currency Symbol}}{{Refund Amount}} for these articles, I need to get a rebate",refund,get_refund
i cannot poay for purchase {{Order Number}},cancel_order,cancel_order
how do I file a consumer complaint against your company?,complaint,complaint
how to make a claim against your business?,complaint,complaint
there is an issue trying to edit the delivery address,address_change,change_shipping_address
"I am not happy with your work, I need help making a claim",complaint,complaint
need assiwtance seeing the ETA of the order {{Order Number}},tracking,track_order
I'm waiting for a bloody compensation of {{Currency Symbol}}{{Refund Amount}},refund,track_refund
i need assistance to check how long refunds take,refund,check_refund_policy
could i file a revlamation against ur organization,complaint,complaint
see purchase {{Order Number}} status,tracking,track_order
I want to check the ETA of purchase {{Order Number}},tracking,track_order
i want assistance to notify of errors with payment,payment_issue,payment_issue
I donot know what I have to do to inform of payment issues,payment_issue,payment_issue
need support modifying the address,address_change,change_shipping_address
canceling purechase {{Order Number}},cancel_order,cancel_order
I need assistance to inform of issues with payments,payment_issue,payment_issue
i do not know how i can see order {{Order Number}} current satus,tracking,track_order
I get an error when I try to check out,payment_issue,payment_issue
is it possible to see in which cases can i ask for refunds,refund,check_refund_policy
I try to modify my address,address_change,change_shipping_address
notifying of problems with payments,payment_issue,payment_issue
i do not know what to do to cancel purchase {{Order Number}},cancel_order,cancel_order
I do not know how I could see order {{Order Number}} status,tracking,track_order
I'm waiting for a restitution oof {{Currency Symbol}}{{Refund Amount}},refund,track_refund
help solving a problem with online payment,payment_issue,payment_issue
I have to make a consumer reclamation against your company,complaint,complaint
how can I lodge a consumer claim against your business?,complaint,complaint
need help modifying my shipping address,address_change,change_shipping_address
is it possible to cancel purchase {{Order Number}} ?,cancel_order,cancel_order
in what situations can I ask for reimbursements?,refund,check_refund_policy
want assistance trying to update the address,address_change,change_shipping_address
i dont know how i can inform of a error with online payments,payment_issue,payment_issue
I am trying to see in which cases can I ask to be refunded,refund,check_refund_policy
help trying to modify the delivery address,address_change,change_shipping_address
checking current status of purchase {{Order Number}},tracking,track_order
I am trying to make a fucking consumer complaint,complaint,complaint
I don't know how I can check my restitution status,refund,track_refund
is it possible to cxancel order {{Order Number}},cancel_order,cancel_order
payment issues,payment_issue,payment_issue
need to reoprt problems with online payment,payment_issue,payment_issue
I try to see the rebate status,refund,track_refund
help to lodge a customer claim against your business,complaint,complaint
I try to modify the shopping address,address_change,change_shipping_address
want assistance receiving a refund of money,refund,get_refund
wanna check how long reimbursenents take how to do it,refund,check_refund_policy
I am trying to check purchase {{Order Number}} current status,tracking,track_order
wannasee in what situations can i ask to be refunded,refund,check_refund_policy
i expect an reimbursement of {{Refund Amount}} dollars,refund,track_refund
i want asistance to check the damn ETA of order {{Order Number}},tracking,track_order
"my experience with your work was bad, make a complaint",complaint,complaint
i have got to see in which cases can i request my money back,refund,check_refund_policy
"I want to locate purchase {{Order Number}}, help me",tracking,track_order
I don't know what I have to do to file a customer claim,complaint,complaint
want supports trying to edit my address,address_change,change_shipping_address
filing customer complaint against ur company,complaint,complaint
i want assistance tocancel order {{Order Number}},cancel_order,cancel_order
need assistance to receive compensations of my money,refund,get_refund
problems with a delivery address modification,address_change,change_shipping_address
can I see the current status of the compensation?,refund,track_refund
i need help to lodge an complaint against ur company,complaint,complaint
where can i lodge a customer reclaation against ur business,complaint,complaint
can you help me ask for a rebate of money?,refund,get_refund
i want assistance to file a customer reclamagion,complaint,complaint
wanna see ur money back poolicy how do i do it,refund,check_refund_policy
how to receive a reimbursement of my money?,refund,get_refund
is it possible to notify of an error with payment,payment_issue,payment_issue
want asistance canceling order {{Order Number}},cancel_order,cancel_order
i cannot check if there is anything new on the rebate,refund,track_refund
I expect a goddamn restitution of {{Currency Symbol}}{{Refund Amount}},refund,track_refund
help me to see in which cases can i ask for my money back,refund,check_refund_policy
need to report troubles with online payment,payment_issue,payment_issue
assistance checking in which cases can i ask to be refunded,refund,check_refund_policy
I have troubles editing the address,address_change,change_shipping_address
i do not know how to check ur refund policy,refund,check_refund_policy
i paid {{Refund Amount}} dollars for an article how can i obtain a rebate,refund,get_refund
i dont know how i can notify of a trouble with payments,payment_issue,payment_issue
need help to request rebates of my money,refund,get_refund
II need support trying to edit the address,address_change,change_shipping_address
I want assistance to inform of problems with payment,payment_issue,payment_issue
I want help to lodge a claim against your company,complaint,complaint
I need assistance reporting issues with online payments,payment_issue,payment_issue
want assistance trying to update my shipping address,address_change,change_shipping_address
I want help notifying of a payment problem,payment_issue,payment_issue
error modifying delivery address,address_change,change_shipping_address
i do not know what to do to ask for rebates of money,refund,get_refund
I need to lodge a customer claim against your company,complaint,complaint
"I cannot pay for this product, cancel order {{Order Number}}",cancel_order,cancel_order
assistance to file a customer complaint,complaint,complaint
I do not know how to obtain rebates of money,refund,get_refund
informing of troubles with payment,payment_issue,payment_issue
i have got to track purchase {{Order Number}} help me,tracking,track_order
how to ge compensations of my money?,refund,get_refund
help em to report an issue with payment,payment_issue,payment_issue
i do not know how i can cancel purchase {{Order Number}},cancel_order,cancel_order
i do not know how to inform of an error with payments,payment_issue,payment_issue
"I have to check my restitution current status, how to do it?",refund,track_refund
where do i report an issue with paynents,payment_issue,payment_issue
"I have got to lodge a customer complaint, help me",complaint,complaint
i want assistance to solve issues with payment,payment_issue,payment_issue
check ur money back guarantee,refund,check_refund_policy
I'm trying to demand fucking refunds of money,refund,get_refund
help me to check how long reimbursements usuaoly take,refund,check_refund_policy
I need help seeing purchase {{Order Number}} current status,tracking,track_order
"I would like to make a bloody complaint, could you help me?",complaint,complaint
I try to see purchase 732201349959current status,tracking,track_order
I cannot edit my delivery address,address_change,change_shipping_address
can I see in which cases can I request a refund?,refund,check_refund_policy
where do I see if there are any updates on the refund?,refund,track_refund
wanna file a customer claim against ur company,complaint,complaint
what do i have to do to inform of errors with payment,payment_issue,payment_issue
I cannot see order {{Order Number}} damn current status,tracking,track_order
could i file an customer claim,complaint,complaint
wanna chec order {{Order Number}} status,tracking,track_order
I need help to inform of a problem with payments,payment_issue,payment_issue
need to file a complaint against ur company,complaint,complaint
help filing a cosnumer reclamation against ur company,complaint,complaint
need help solving a payment error,payment_issue,payment_issue
how can I report troubles with online payments?,payment_issue,payment_issue
help knowing if there is anything new on the refund,refund,track_refund
i hasve to see the ETA of order {{Order Number}} how can i do it,tracking,track_order
want assistance to notify of an issue with payment,payment_issue,payment_issue
I cannot see the current status of the refund,refund,track_refund
I want to know more about a delivery address change,address_change,change_shipping_address
I am waiting for a reimbursement of {{Currency Symbol}}{{Refund Amount}},refund,track_refund
can you tell me more about a shipping address correction?,address_change,change_shipping_address
I want assistancee trying to modify my shipping address,address_change,change_shipping_address
help me file a complaint against your organization,complaint,complaint
how do I change my address?,address_change,change_shipping_address
i try to file a customer claim against ur company,complaint,complaint
I need to track my fucking compensation,refund,track_refund
tell me about updating my delivery address,address_change,change_shipping_address
I do not know how I could change my shipping address,address_change,change_shipping_address
i cannot track my restitution,refund,track_refund
wanna check in which cases can i ask for a refund,refund,check_refund_policy
i want help checking if there are any news on my restitution,refund,track_refund
I don't know what I have to do to notify of a payment error,payment_issue,payment_issue
wanna see order {{Order Number}} status help me,tracking,track_order
I need assistance checking the status of the restitution,refund,track_refund
wanna file a consumer complaint aganst ur organization,complaint,complaint
there are errors trying to correct my address,address_change,change_shipping_address
help me to see the ETA of the purchase {{Order Number}},tracking,track_order
want help to check the eta of purchase {{Order Number}},tracking,track_order
see in which cases can I request my money back,refund,check_refund_policy
where to see the bloody ETA of the order {{Order Number}},tracking,track_order
need help seeing the fucking status of order {{Order Number}},tracking,track_order
could I know if there are any updates on my rebate?,refund,track_refund
want help to see in what cases can i ask for reimbursements,refund,check_refund_policy
wanna ask for a restutution of my money,refund,get_refund
I want help changing my address,address_change,change_shipping_address
how can I check the status of purchase {{Order Number}}?,tracking,track_order
I need help to notify of troubles with payment,payment_issue,payment_issue
i need help to solve problems with online payment,payment_issue,payment_issue
what do I have to do to check your rfund policy?,refund,check_refund_policy
I try to see in what cases can I request a refund,refund,check_refund_policy
I want assistance to receive restitutions of money,refund,get_refund
help me see under which circumstances can i request a refund,refund,check_refund_policy
want assistance solving an problem with payments,payment_issue,payment_issue
help to file a customer complaint against ur company,complaint,complaint
I want help to edit my address,address_change,change_shipping_address
I need assistamce to inform of a payment issue,payment_issue,payment_issue
I have to see in hwat situations can I ask for a refund,refund,check_refund_policy
"I can't make a payment, how do I notify of fucking errors?",payment_issue,payment_issue
i dont know how i could receive compensations,refund,get_refund
help trying to modify the damn address,address_change,change_shipping_address
i have to see the status of order {{Order Number}} can ya helo me,tracking,track_order
I need help trying to upadte the shipping address,address_change,change_shipping_address
I call to lodge a complaint against your business,complaint,complaint
"I have paid {{Currency Symbol}}{{Refund Amount}} for a product, I have to get a rebate",refund,get_refund
error changing shipping address,address_change,change_shipping_address
I have got to track the compensation,refund,track_refund
can ay help me notifying of a trouble with payment,payment_issue,payment_issue
I have troubles trying to change my address,address_change,change_shipping_address
see under which circumstances can I ask for a refund,refund,check_refund_policy
I need help informing of an issue with payment,payment_issue,payment_issue
want help informing of payment problems,payment_issue,payment_issue
I need to cancel purchase {{Order Number}},cancel_order,cancel_order
help me see in what situations can i request a reimbursement,refund,check_refund_policy
I do not know what I need to do to inform of a payment issue,payment_issue,payment_issue
I want help to see the fucking ETA of the order {{Order Number}},tracking,track_order
need to check in which cases can i request an refund,refund,check_refund_policy
I do not know how I can see the current status of the refund,refund,track_refund
i want assistance to edit the delivery address,address_change,change_shipping_address
where to know if there is anything new on the rebate,refund,track_refund
help seeing in which situations can I request refunds,refund,check_refund_policy
I don't know what I have to do to demad my money back,refund,get_refund
can uhelp me lodge a customer complaint,complaint,complaint
"I have to see order {{Order Number}} status, I need assistance",tracking,track_order
there is an issue trying to correct the address,address_change,change_shipping_address
need help requesting rebates,refund,get_refund
I need help to know if there are any updates on my refund,refund,track_refund
"I want to see the ETA of the purchase {{Order Number}}, I need help",tracking,track_order
help me to check in which cases can I request reimbursements,refund,check_refund_policy
want help correcitng my shipping address,address_change,change_shipping_address
I need assistance to see your money bac guarantee,refund,check_refund_policy
i have got to see ur refund policy,refund,check_refund_policy
need assistance trying to change the address,address_change,change_shipping_address
i want help asking for a reimbursement of my monney,refund,get_refund
is it possible to correct the delivery address?,address_change,change_shipping_address
help to check in whatcases can I request my money back,refund,check_refund_policy
i have troubles changing the address,address_change,change_shipping_address
I try to see my restitution status,refund,track_refund
I need help seeing in which cases can I ask for a refund,refund,check_refund_policy
i need help demanding restitutions of money,refund,get_refund
I have to see purchase {{Order Number}} current status,tracking,track_order
i cannot make a transfer help to report damn payment issues,payment_issue,payment_issue
I want supports changing my sxhipping address,address_change,change_shipping_address
i want help informing of problems with payment,payment_issue,payment_issue
problem updating delivery address,address_change,change_shipping_address
can you help me report an issue with online payments?,payment_issue,payment_issue
i need assistance trying to edit my delivery address,address_change,change_shipping_address
i have paid {{Currency Symbol}}{{Refund Amount}} for an article want helo getting a rebate,refund,get_refund
can you help me file a customer complaint?,complaint,complaint
have problems with canceling order {{Order Number}},cancel_order,cancel_order
issue with payment,payment_issue,payment_issue
i have paid {{Currency Symbol}}{{Refund Amount}} for an item i have to obtain a refund,refund,get_refund
I want help to check the current status of the reimbursement,refund,track_refund
i have paid {{Currency Symbol}}{{Refund Amount}} for na article i need to get a rebate,refund,get_refund
can uhelp me to check the fucking eta of the order {{Order Number}},tracking,track_order
want assistance seeing the fucking ETA of order {{Order Number}},tracking,track_order
I am trying to report a payment error,payment_issue,payment_issue
reporting issue with payment,payment_issue,payment_issue
where do I check the ETA of purchase {{Order Number}}?,tracking,track_order
"I have to inform of errors with payment, I need assistance",payment_issue,payment_issue
lodging customer complaint against your company,complaint,complaint
is it possible to check in what cases can I request refunds?,refund,check_refund_policy
assistance to see in which cases can I ask to be reimbursed,refund,check_refund_policy
report problems with online payments,payment_issue,payment_issue
their is an issue trying to update my address,address_change,change_shipping_address
I need to lodge a consumer claim,complaint,complaint
where to file a customer reclamation against your company ?,complaint,complaint
where can I inform of problems with payment?,payment_issue,payment_issue
I'm not happy with ur work how do i make a claim,complaint,complaint
want assistance informing of an error with online payment,payment_issue,payment_issue
check the ETA of purchase {{Order Number}},tracking,track_order
"I have paid {{Currency Symbol}}{{Refund Amount}} for a purchase, I want to get a refund",refund,get_refund
can ya show me the status of order {{Order Number}},tracking,track_order
check under what circumstances can i request refunds,refund,check_refund_policy
"I have to modify the shipping address, could you help me?",address_change,change_shipping_address
I want assistance to cancel purchase {{Order Number}},cancel_order,cancel_order
how to see if there is anything wrong with my compensation,refund,track_refund
can you help me to lodge a customer reclamation?,complaint,complaint
want assistance to lodge a complaint against your business,complaint,complaint
help me tracking my compensation,refund,track_refund
I cannot change the shipping address,address_change,change_shipping_address
can uhelp me knowing if there are any news on my restitution,refund,track_refund
I have to check if there is anything new on the restitution,refund,track_refund
can you tell me moreabout editing the delivery address?,address_change,change_shipping_address
"my experience with your brand was bad, make a consumer claim",complaint,complaint
help me to file a custoer complaint against ur company,complaint,complaint
i do not know how i can correct my delivery address,address_change,change_shipping_address
i try to make a claim against ur organization,complaint,complaint
tracking order,tracking,track_order
I want to check the current status of the refund,refund,track_refund
I need support trying to update my address,address_change,change_shipping_address
need to check the rebate curent status how to do it,refund,track_refund
want assistance to notify of an erro with payment,payment_issue,payment_issue
need help checking the status of purechase {{Order Number}},tracking,track_order
need assistance getting restitutions of my money,refund,get_refund
help me see the current status of my compensation,refund,track_refund
I have problems with cancelling order {{Order Number}},cancel_order,cancel_order
help me to see in what situations can i request a refund,refund,check_refund_policy
"I have got to report a payment problem, will you help me?",payment_issue,payment_issue
I do not know what to do to edit the shipping address,address_change,change_shipping_address
assistance modifying the address,address_change,change_shipping_address
i have to see the damn ETA of my delivery helpme,tracking,track_order
I am trying to lodge a customer complaint,complaint,complaint
can ya help me to see my compensation current status,refund,track_refund
i have to check how long reufnds take how to do it,refund,check_refund_policy
i have to see in what cases can i ask for reimbursements,refund,check_refund_policy
where do I notify of a problem with payment?,payment_issue,payment_issue
I want assistance to update my delivery address,address_change,change_shipping_address
can ya help mw to solve errors with payment,payment_issue,payment_issue
assistance to check in what cases can I ask to be refunded,refund,check_refund_policy
help to make a claim against your company,complaint,complaint
I do not want purchase {{Order Number}},cancel_order,cancel_order
"I expect a refund of {{Currency Symbol}}{{Refund Amount}}, has it been processed?",refund,track_refund
I want help to get compensations,refund,get_refund
can you help me see the current status of the rebate?,refund,track_refund
i have tp see how long refunds take how to do it,refund,check_refund_policy
problems with a delivery address correction,address_change,change_shipping_address
i have entered a wrong address by mistake,address_change,change_shipping_address
I don't know how I can check the ETA of order732201349959,tracking,track_order
i need assistance seeing the eta of purchase {{Order Number}},tracking,track_order
i dont know what to do to reqquest my money back,refund,get_refund
want help checking in what situations can I ask for a refund,refund,check_refund_policy
I do not knwo what I need to do to cancel order {{Order Number}},cancel_order,cancel_order
"my card did not work, assistance reporting payment problems",payment_issue,payment_issue
I want help to lodge a consumer claim,complaint,complaint
help me see in which cases can i ask to be refunded,refund,check_refund_policy
where to see the current status of the reimbursement,refund,track_refund
help checking in which cases can I request reimbursements,refund,check_refund_policy
can ya help me requesting a rebate of my money,refund,get_refund
need to make a consumer reclamation against ur organization,complaint,complaint
customer reclamation against your organzation,complaint,complaint
I'm waiting for an goddamn restitution of {{Refund Amount}} dollars,refund,track_refund
"I paid {{Currency Symbol}}{{Refund Amount}} for this product, help to get a compensation",refund,get_refund
"my shipping address changed, can you update it?",address_change,change_shipping_address
i paid {{Currency Symbol}}{{Refund Amount}} for an article i try to obain a reimbursement,refund,get_refund
where do I make a customer reclamation against your company?,complaint,complaint
I do not know how I can change my delivery address,address_change,change_shipping_address
I want help seeing your reimbursement policy,refund,check_refund_policy
"I can't afford order {{Order Number}}, help me cancelling it",cancel_order,cancel_order
I don't know what I have to do to obtain a compensation,refund,get_refund
I want assistance to check hte ETA of order {{Order Number}},tracking,track_order
help me filing a consumer reclamation,complaint,complaint
"I can't afford order {{Order Number}}, I need help to cancel it",cancel_order,cancel_order
how could I cancel purchase {{Order Number}}?,cancel_order,cancel_order
how can i check the current status of my restitution,refund,track_refund
help to see if there is anything wrong with my restitution,refund,track_refund
"I am unsatisfied with your services, how to file a claim?",complaint,complaint
i need help to see in which cases can i ask for refunds,refund,check_refund_policy
I am trying to receive a reimbursement,refund,get_refund
help seeing your money back policy,refund,check_refund_policy
help changing my delivery address,address_change,change_shipping_address
"I entered a wrong delivery address, help me editing it",address_change,change_shipping_address
there is a trouble correcting my delivery adxdress,address_change,change_shipping_address
I want support chanigng my delivery address,address_change,change_shipping_address
i try to change my shipping address,address_change,change_shipping_address
have a question about an address update,address_change,change_shipping_address
need help filing an complaint against your company,complaint,complaint
can you help me see purchase {{Order Number}} current status?,tracking,track_order
help seeing in what cases can i ask for a refund,refund,check_refund_policy
could you help me lodge a customer reclamation?,complaint,complaint
want assistance trying to change thd address,address_change,change_shipping_address
want support trying to upate my shipping address,address_change,change_shipping_address
I'm trying to cancel purchase {{Order Number}},cancel_order,cancel_order
help me inform of a problem withpayment,payment_issue,payment_issue
I am waiting for a restitution of {{Currency Symbol}}{{Refund Amount}},refund,track_refund
need assistance to request a compensation of money,refund,get_refund
where could I see if there is anything new on my refund?,refund,track_refund
could you show me in what situations can I ask for refunds?,refund,check_refund_policy
can you help me correct the address?,address_change,change_shipping_address
I'm trying to check the status of my compensation,refund,track_refund
how do i check the current status of the reimbursement,refund,track_refund
need help to check order {{Order Number}} current status,tracking,track_order
I need to see your refund policy,refund,check_refund_policy
need help checking the eta of the order {{Order Number}},tracking,track_order
is it possible to ask for a refund of my money?,refund,get_refund
how could i get a retsitution of my money,refund,get_refund
give me information about a shipping address update,address_change,change_shipping_address
I have to get compensations of money,refund,get_refund
want help to notify of a fucking error with payments,payment_issue,payment_issue
i acnt see purchase {{Order Number}} status,tracking,track_order
I need help trying to change my shipping address,address_change,change_shipping_address
where can i track order {{Order Number}},tracking,track_order
"I need to report a payment error, how can I do it?",payment_issue,payment_issue
wanna see ur money back plicy,refund,check_refund_policy
can ya show me in which cases can i request a refund,refund,check_refund_policy
i want assistance requesting rebates,refund,get_refund
want assistance getting a rebate,refund,get_refund
i dont want order {{Order Number}},cancel_order,cancel_order
"I entered a wrong shipping address, can I edit it?",address_change,change_shipping_address
i have got to see order {{Order Number}} status i need assistane,tracking,track_order
I need help to ask for a compensation of my money,refund,get_refund
could uhelp me lodge an consumer claim,complaint,complaint
I want help to change the delivery address,address_change,change_shipping_address
I would like to see in which cases can I ask to be refunded,refund,check_refund_policy
where to demand my money back?,refund,get_refund
i do not know what to do to track my compensation,refund,track_refund
"I need to file a reclamation, how can I do it?",complaint,complaint
can you help me see how long refunds take?,refund,check_refund_policy
where could I get information about updating my address?,address_change,change_shipping_address
help me to check in which cases can I request refunds,refund,check_refund_policy
i try to demand a rebate,refund,get_refund
I have an error editing the delivery address,address_change,change_shipping_address
"I expect a fucking ocmpensation of {{Currency Symbol}}{{Refund Amount}}, was it processed",refund,track_refund
I want supports changing my delivery address,address_change,change_shipping_address
i have to see ur reimbursement policy i need assistance,refund,check_refund_policy
"I have chosen a wrong shipping address, how do I correct it?",address_change,change_shipping_address
I try to see if there are any news on the reimbursement,refund,track_refund
trouble correcting address,address_change,change_shipping_address
I have got to check in which cases can I ask for refunds,refund,check_refund_policy
I need information about correcting the shipping address,address_change,change_shipping_address
problems with canceling purchase {{Order Number}},cancel_order,cancel_order
I am trying to find information about updating the address,address_change,change_shipping_address
i expetc a damn restitution of {{Currency Symbol}}{{Refund Amount}} was it processed,refund,track_refund
i want help trying to change the address,address_change,change_shipping_address
i have chosen a wrong bloody delivery address by mistale,address_change,change_shipping_address
can you show me in what cases can I ask to be refunded?,refund,check_refund_policy
I have to notify of a payment error,payment_issue,payment_issue
want help seeing how long refunds take,refund,check_refund_policy
what do I need to do to update the delivery address?,address_change,change_shipping_address
"I need to lodge a damn consumer claim, ehlp me",complaint,complaint
is it possible to inform of issues with online payments,payment_issue,payment_issue
I need assistance notifying of an error with online payment,payment_issue,payment_issue
I have got to check the status of purchase {{Order Number}},tracking,track_order
I need help to file a consumer reclamation,complaint,complaint
I have an error trying to edit the delivery address,address_change,change_shipping_address
want assistance to receive an refund of my money,refund,get_refund
need assistance to obtain a refund of money,refund,get_refund
i want support updating the delivery address,address_change,change_shipping_address
i have got to update my shipping address,address_change,change_shipping_address
help obtaining a reimbursement of money,refund,get_refund
i want assistance solving a problem with online payments,payment_issue,payment_issue
I need assistance making a claim against your organization,complaint,complaint
could you help me to cancel purchase {{Order Number}}?,cancel_order,cancel_order
i have got to obtain a reimbursement of my money,refund,get_refund
I have to sde in what cases can I request a refund,refund,check_refund_policy
could ya help me check the compensation current status,refund,track_refund
I have a problem with cancelling purchase {{Order Number}},cancel_order,cancel_order
wanna check order {{Order Number}} status can uhelp me,tracking,track_order
I want assistance to inform of issues with payment,payment_issue,payment_issue
get refund of money,refund,get_refund
"I need to demand refunds, could you help me?",refund,get_refund
I don't know how I could request my money back,refund,get_refund
where do I see if there are any news on the rebate?,refund,track_refund
i want help to check how long reimbursements take,refund,check_refund_policy
can uhelp me requesting reimbursements of my money,refund,get_refund
I need assistance checking the status of my rebate,refund,track_refund
can you help me report fucking errors with payment?,payment_issue,payment_issue
i cfannot see order {{Order Number}} current status,tracking,track_order
how can I check the status of the restitution?,refund,track_refund
help me to check in what cases can i request refunds,refund,check_refund_policy
cancelling purchase {{Order Number}},cancel_order,cancel_order
can you help me to make a complaint?,complaint,complaint
I have an question about cancelling order {{Order Number}},cancel_order,cancel_order
i have paid {{Currency Symbol}}{{Refund Amount}} for an order help me to obtain a refund,refund,get_refund
help me checking the goddamn reimbursement current status,refund,track_refund
I would like to report fucking errors with payment,payment_issue,payment_issue
what do i have to do to request restitutions of money,refund,get_refund
I do not know how I can see the status of order {{Order Number}},tracking,track_order
need help to check in which cases can Irequest refunds,refund,check_refund_policy
where to make a customer complaint against your company?,complaint,complaint
I do not know how I could check the ETA of purchase {{Order Number}},tracking,track_order
help checking in which cases can i request a reimburement,refund,check_refund_policy
I want help to see in which cases can I ask for refunds,refund,check_refund_policy
assistance seeing the ETA of order {{Order Number}},tracking,track_order
i wanmt help trying to change my shipping address,address_change,change_shipping_address
how long till I obtain a refund of money?,refund,get_refund
need help to see in which cases can I ask for my money back,refund,check_refund_policy
"I have to see the status of my refund, how could I do it?",refund,track_refund
i call to lodge a customer reclamation,complaint,complaint
I want to oldge a claim against your business,complaint,complaint
I want assistance to demand refunds of my money,refund,get_refund
wanna change my fucking address,address_change,change_shipping_address
i have to lodge a consumer claim against ur ocmpany,complaint,complaint
need assistance to check in what cases can i request refunds,refund,check_refund_policy
how could I report problems with payment?,payment_issue,payment_issue
I want supports trying to edit my address,address_change,change_shipping_address
where can i see the damn eta of the purchase {{Order Number}},tracking,track_order
how to check if there is anything wrong with my rebate?,refund,track_refund
I want help to track the compensation,refund,track_refund
where can I get information about correcting the address?,address_change,change_shipping_address
I do not know how to obtain a restitution of my money,refund,get_refund
"I have got to see your refund policy, how could I do it?",refund,check_refund_policy
I have got to make a complaint against your company,complaint,complaint
can you help me to obtain compensations of my money?,refund,get_refund
how can I find information about changing my address?,address_change,change_shipping_address
i dont know how i could inform of an payment error,payment_issue,payment_issue
nee to locate purchase {{Order Number}} help me,tracking,track_order
I have an issue trying to change the delivery address,address_change,change_shipping_address
assistance to check order {{Order Number}} current status,tracking,track_order
reporting payment issue,payment_issue,payment_issue
I have errors trying to modify my shipping address,address_change,change_shipping_address
I need assistance requesting a refund of money,refund,get_refund
I have an issue editing the shipping address,address_change,change_shipping_address
wanna see how long refunds take could ya help me,refund,check_refund_policy
I don't know how I can ask for a rebate of money,refund,get_refund
I don't know how to demand restitutions of my money,refund,get_refund
I need assistance reporting an issue with online payment,payment_issue,payment_issue
I need help notifying of payment problems,payment_issue,payment_issue
I need help to request refunds,refund,get_refund
where do i cancel purchase {{Order Number}},cancel_order,cancel_order
could I see in what cases can I request to be refunded?,refund,check_refund_policy
I do not know how to see the status of order {{Order Number}},tracking,track_order
how to request reimbursements of my money,refund,get_refund
help me obtaining a rebate of money,refund,get_refund
"I paid {{Currency Symbol}}{{Refund Amount}} for this order, could you help me get a rebate?",refund,get_refund
need to make an customer claim against ur business,complaint,complaint
purchase {{Order Number}} ststus,tracking,track_order
need help informing of errors with online payment,payment_issue,payment_issue
want assistance to make a claim,complaint,complaint
canceling purchase {{Order Number}},cancel_order,cancel_order
where to filr a consumer complaint?,complaint,complaint
there is an issue trying to change the shipping address,address_change,change_shipping_address
where do I file a reclamation?,complaint,complaint
I want assistance checking my refund status,refund,track_refund
I try to update my address,address_change,change_shipping_address
need assistance receiving rebates of my money,refund,get_refund
I want assistance to report problems with online payments,payment_issue,payment_issue
need help to file a customer claim against your organization,complaint,complaint
how do I correct my delivery address?,address_change,change_shipping_address
could you help me updating the address?,address_change,change_shipping_address
notify of a problem with payment,payment_issue,payment_issue
"my goddamn delivery address has changed, change it",address_change,change_shipping_address
can you help me receive refunds of money?,refund,get_refund
can yoj help me to make a complaint against your company?,complaint,complaint
help me to receive rebates of my money,refund,get_refund
help me editing my shkpping address,address_change,change_shipping_address
where can I make a customer claim?,complaint,complaint
obtain money back,refund,get_refund
i dont know what to do to get a compensation,refund,get_refund
help me check the status of my reimbursement,refund,track_refund
I need assistance to inform of a problem with payments,payment_issue,payment_issue
show me purchase {{Order Number}} current status,tracking,track_order
I want to report a problem with online payments,payment_issue,payment_issue
i need help to check in which cases can i ask for refunds,refund,check_refund_policy
I would like to know about changing my delivery address,address_change,change_shipping_address
I want help trying to update my shipping address,address_change,change_shipping_address
wanna check purchase {{Order Number}} status,tracking,track_order
I want ehlp to solve troubles with online payment,payment_issue,payment_issue
I don't know what I have to do to modify my delivery address,address_change,change_shipping_address
can ushow me in which situations can i ask for refunds,refund,check_refund_policy
i try to cancel order {{Order Number}},cancel_order,cancel_order
i do not know what to do to modify my address,address_change,change_shipping_address
"I have entered a wrong address, can I modify it?",address_change,change_shipping_address
where to lodge a customre claim against ur organization,complaint,complaint
need help seeing in what cases can i ask for my money back,refund,check_refund_policy
help me to seed in what situations can I ask to be refunded,refund,check_refund_policy
camceling order {{Order Number}},cancel_order,cancel_order
how to file a customer reclamation against ur organization,complaint,complaint
i have a question about a goddamn shipping address change,address_change,change_shipping_address
I have to check in which cases can I request a refund,refund,check_refund_policy
what do i need to do to report prbolems with payment,payment_issue,payment_issue
how do I obtain a rebate of money?,refund,get_refund
"I have paid {{Currency Symbol}}{{Refund Amount}} for these articles, I want a refund",refund,get_refund
lodging consuer complaint,complaint,complaint
i dont know how to inform of paymentissues,payment_issue,payment_issue
I do not know what I need to do to obtain my money back,refund,get_refund
help to notify of an issue with payments,payment_issue,payment_issue
i dont know how i can get refunds,refund,get_refund
show me order {{Order Number}} current status,tracking,track_order
I cannot check your reimbursement policy,refund,check_refund_policy
need help to change my delivery address,address_change,change_shipping_address
need assistance to ask for a compensation,refund,get_refund
could ya help mw check ur reimbursement policy,refund,check_refund_policy
what is order {{Order Number}} current status?,tracking,track_order
i do not know what to do to see the ETA of order {{Order Number}},tracking,track_order
I have to report troubles with payment,payment_issue,payment_issue
where to see order {{Order Number}} current status?,tracking,track_order
I need assistance to cancel purchase {{Order Number}},cancel_order,cancel_order
supports changing my address,address_change,change_shipping_address
i want help to oslve a bloody issue with payment,payment_issue,payment_issue
would it be possible to get a refund?,refund,get_refund
ihave bought some damn product cancel order {{Order Number}},cancel_order,cancel_order
where could I inform of an issue with online payment?,payment_issue,payment_issue
"I have got to file a customer reclamation, how do I do it?",complaint,complaint
can i check how long refunds usually take,refund,check_refund_policy
complaint against ur company,complaint,complaint
I have got to obtain a reimbursement,refund,get_refund
assistance to track purchase {{Order Number}},tracking,track_order
how to see the restitution current status?,refund,track_refund
help me seeing purchase {{Order Number}} status,tracking,track_order
want help reporting issues with online payments,payment_issue,payment_issue
I can't see the ETA of purchase {{Order Number}},tracking,track_order
i cant see if there is anything wrong with my reimbursement,refund,track_refund
I would like to check the current status of my compensation,refund,track_refund
check in what situations can I ask for reimbursements,refund,check_refund_policy
i dont know what i need to do to make a customer claim,complaint,complaint
I need help to request reimbursements of money,refund,get_refund
I want to locate purchase {{Order Number}},tracking,track_order
i obught some item help me canceling order {{Order Number}},cancel_order,cancel_order
help me checking in what cases can I ask for reimbursements,refund,check_refund_policy
there are issues trying to edit my delivery address,address_change,change_shipping_address
I can't check purchase {{Order Number}} status,tracking,track_order
can you help me receiving a compensation?,refund,get_refund
help lodging a consumer claim,complaint,complaint
when am I receiving my compensation?,refund,get_refund
I am trying to check my compensation current status,refund,track_refund
I want to see in which cases can I request to be refunded,refund,check_refund_policy
I chose a wrong delivery addreds,address_change,change_shipping_address
I have to notify of payment isues,payment_issue,payment_issue
I'm calling to lodge a customer reclamation,complaint,complaint
i have got to see ur refund poliicy,refund,check_refund_policy
i dont know how i can check the ETA of purchase {{Order Number}},tracking,track_order
assistance to make a claim,complaint,complaint
i cant make payments notify of issujes,payment_issue,payment_issue
I need assistance making a customer claim,complaint,complaint
are charges of services refundable,refund,check_refund_policy
I have got to report issues with online payment,payment_issue,payment_issue
I have to see in which cases can I request reimbursements,refund,check_refund_policy
help me to report issues with payment,payment_issue,payment_issue
could i see in what cases can i request refundcs,refund,check_refund_policy
how could I see if there are any updates on my refund?,refund,track_refund
where can I lodge a complaint against your company?,complaint,complaint
could you help me canceling purchase {{Order Number}}?,cancel_order,cancel_order
I try to see the ETA of the purchase {{Order Number}},tracking,track_order
where do I track purchase {{Order Number}}?,tracking,track_order
how can I file a reclamation?,complaint,complaint
assistance to inform of issues with payments,payment_issue,payment_issue
I try to see in which cases can I request a reimbursement,refund,check_refund_policy
I try to see in which cases can I ask for reimbursements,refund,check_refund_policy
I need help to check how long reimburssements take,refund,check_refund_policy
help me notifying of an error with payment,payment_issue,payment_issue
I want help to locate order {{Order Number}},tracking,track_order
wanna report a trouble with online payments,payment_issue,payment_issue
I try to lodge a complaint against your company,complaint,complaint
I try to see in which cases can I request to be refunded,refund,check_refund_policy
I want to know about correcting my delivery address,address_change,change_shipping_address
I need assistance to solve a trouble with online payment,payment_issue,payment_issue
i need assistance to get rebates,refund,get_refund
can you tell me about a delivery address update?,address_change,change_shipping_address
how do i check purchasae {{Order Number}} current status,tracking,track_order
i have an error trying to change my address,address_change,change_shipping_address
supports trying to modify theaddress,address_change,change_shipping_address
I have an issue trying to modify my address,address_change,change_shipping_address
check restitution current status,refund,track_refund
what do I have to do to notify of a damn payment problem?,payment_issue,payment_issue
I have to see in which cases can I request a reimbursement,refund,check_refund_policy
"I ain't happy with your work, I need to make a claim",complaint,complaint
can ya help me to solve a payment problem,payment_issue,payment_issue
need assistance filing a complaint against ur business,complaint,complaint
can you help me to notify of an error with payment?,payment_issue,payment_issue
where to receive a restitution of money?,refund,get_refund
i dont know how to make a reclamation against ur company,complaint,complaint
help to modiy the address,address_change,change_shipping_address
I have problems with cancelling purchase {{Order Number}},cancel_order,cancel_order
can I file a customer complaint against your company?,complaint,complaint
help me check the status of the rebate,refund,track_refund
I have a error changing the delivery address,address_change,change_shipping_address
where can I make a consumer claim?,complaint,complaint
where do I make a customer claim against your company?,complaint,complaint
help me make a consumer claim against your business,complaint,complaint
help to demand a goddamn compensation,refund,get_refund
I do not know how to check the status of order {{Order Number}},tracking,track_order
i do not know what i need to do to modify the address,address_change,change_shipping_address
see in what situations can I request refunds,refund,check_refund_policy
canceling order,cancel_order,cancel_order
i have paid {{Currency Symbol}}{{Refund Amount}} for these itmes i want my compensation,refund,get_refund
I do not know how I can see your reimbursement policy,refund,check_refund_policy
i want help informing of troubles with online payment,payment_issue,payment_issue
would it be possible to cancel purchase {{Order Number}},cancel_order,cancel_order
i want assistance to check how long refunds take,refund,check_refund_policy
can you help me solve issues with online payments?,payment_issue,payment_issue
can you help me to make a consumner complaint?,complaint,complaint
"the damn shipping address has changed, can I correct it?",address_change,change_shipping_address
"I expect a refund of {{Currency Symbol}}{{Refund Amount}}, has it been processed already?",refund,track_refund
there are errors trying to edit my delivery address,address_change,change_shipping_address
help me lodge a customer reclamation against ur company,complaint,complaint
i do not know how i can see the ETA of purcyase {{Order Number}},tracking,track_order
help me making a consumer complaint against ur business,complaint,complaint
need assistance to check ur reimbursement policy,refund,check_refund_policy
file complaint against your business,complaint,complaint
I call to lodge a customer complaint against your company,complaint,complaint
help me seeing in what situations can i ask for a refund,refund,check_refund_policy
i cant see the compensation status,refund,track_refund
where tofile a consumer claim against ur company,complaint,complaint
help me receive a reimbursement of money,refund,get_refund
in which situationscan i ask to be refunded,refund,check_refund_policy
i need help to file a consumer complaint,complaint,complaint
I do not know how to see the ETA of purchase {{Order Number}},tracking,track_order
how do I make a reclamation against your organization?,complaint,complaint
know if there is anything new on my rebate,refund,track_refund
refund status,refund,track_refund
can ya help me see u refund policy,refund,check_refund_policy
I am trying to get rebates of money,refund,get_refund
I don't know how to make a claim against your organization,complaint,complaint
help me check in what cases can I request my money back,refund,check_refund_policy
can you help me see purchase {{Order Number}} status?,tracking,track_order
i have got to modify my shipping address how to do it,address_change,change_shipping_address
help to make a complaint,complaint,complaint
I would like to see in which cases can I ask for refunds,refund,check_refund_policy
I need assistance trying to edit my shipping address,address_change,change_shipping_address
i have errors modifying my shipping address,address_change,change_shipping_address
i want assistance canceling order {{Order Number}},cancel_order,cancel_order
eta fo order {{Order Number}},tracking,track_order
reporting payment issues,payment_issue,payment_issue
i cant make a transfer report troubles with online payment,payment_issue,payment_issue
could you help me see the status of order {{Order Number}}?,tracking,track_order
i cannot check if there are any news on the compensation,refund,track_refund
I don't knowe how to inform of problems with payments,payment_issue,payment_issue
I need information about modifying my shipping address,address_change,change_shipping_address
I want to see in which cases can I ask to be reimbursed,refund,check_refund_policy
locate purchase {{Order Number}},tracking,track_order
I have troubles trying to update my address,address_change,change_shipping_address
"I cannot pay, help me informing of damn issues with payments",payment_issue,payment_issue
is it possible to lodge a complaint,complaint,complaint
I need assistance to obtain a goddamn rebate of money,refund,get_refund
I want help to check if there are any news on the refund,refund,track_refund
there are issues updating my address,address_change,change_shipping_address
need help to see the ETA of the purchase {{Order Number}},tracking,track_order
"I have got to check your money back guarantee, how to do it?",refund,check_refund_policy
I need help to check if there are any news on the rebate,refund,track_refund
I want help lodging an claim,complaint,complaint
need help informing of an error with payments,payment_issue,payment_issue
"I hav to see your refund policy, how can I do it?",refund,check_refund_policy
help to cancel purchase {{Order Number}},cancel_order,cancel_order
wqhere to see purchase {{Order Number}} current status,tracking,track_order
could you give me information about an address correction?,address_change,change_shipping_address
the payment failed i need help to report errors with payment,payment_issue,payment_issue
i need assistance to check ur refund policy,refund,check_refund_policy
I don't know how I can ask for compensations,refund,get_refund
help me solve payment problems,payment_issue,payment_issue
I try to see the current status of purchase {{Order Number}},tracking,track_order
can you help me file a customer claim?,complaint,complaint
I want help solving an issue with online payment,payment_issue,payment_issue
need to see in what cases can i request to be reimbursed,refund,check_refund_policy
help to ssee in what situations can i ask for reimbursements,refund,check_refund_policy
what do i have to do to report an error with online payments,payment_issue,payment_issue
help trying to edit the deliveyr address,address_change,change_shipping_address
lodging consumer complaint against your business,complaint,complaint
where can I receive a restitution of money?,refund,get_refund
I try to check the restitution status,refund,track_refund
i need assistance to report problems with online payments,payment_issue,payment_issue
"my experience with you was awful, file a reclamation",complaint,complaint
help me to cancel my last goddamn purchase,cancel_order,cancel_order
want help to cancel purchase {{Order Number}},cancel_order,cancel_order
I want to ask for a compensation of money,refund,get_refund
can ya help me to request a refund of my money,refund,get_refund
have problems wth cancelling order {{Order Number}},cancel_order,cancel_order
I try to make a complaint,complaint,complaint
help me to check the status of the restitution,refund,track_refund
there is an issue trying to update the shipping address,address_change,change_shipping_address
how do i cancel purchase {{Order Number}},cancel_order,cancel_order
there is an error trying to correct the delivery address,address_change,change_shipping_address
help me checking in what cases can i ask for refunds,refund,check_refund_policy
I'm trying to check purcahse {{Order Number}} current status,tracking,track_order
I have troubles modifying the fucking shipping address,address_change,change_shipping_address
I need assistance to notify of an error with online payments,payment_issue,payment_issue
i have to report issues with online payment,payment_issue,payment_issue
can i file a complaint against ur organization,complaint,complaint
check the eta of the order {{Order Number}},tracking,track_order
I want assistance checking your reimbursement policy,refund,check_refund_policy
where to update my shipping address?,address_change,change_shipping_address
check order {{Order Number}} current status,tracking,track_order
how can I inform of an issue with payment?,payment_issue,payment_issue
"I have got to correct the delivery address, how to do it?",address_change,change_shipping_address
i have got to edit my delivery address,address_change,change_shipping_address
"the shipping address changed, how can I edit it?",address_change,change_shipping_address
where to obtain rebates,refund,get_refund
help me to see the status of order {{Order Number}},tracking,track_order
i have a trouble trying to correct my address,address_change,change_shipping_address
how can I lodge a reclamation against your business?,complaint,complaint
i need assistance reporting payment problems,payment_issue,payment_issue
wanna check how long refunds usually take help me,refund,check_refund_policy
help me see in what cases can I ask for a refund,refund,check_refund_policy
I'm waiting for a reimbursement of {{Refund Amount}} dollars,refund,track_refund
I do not know how to check order {{Order Number}} status,tracking,track_order
help lodging a claim against ur business,complaint,complaint
help me to notify of a trouble with payments,payment_issue,payment_issue
need assistance reporting payment erroors,payment_issue,payment_issue
want assistance to notify of payment issues,payment_issue,payment_issue
will you give me information about correcting the address?,address_change,change_shipping_address
I need help lodging an reclamation against your company,complaint,complaint
checking status of refund,refund,track_refund
where to lodge a consumer reclamation against ur company,complaint,complaint
there are troubles editing my address,address_change,change_shipping_address
help me see if there are any news on the rebate,refund,track_refund
I want assistance checking how long refunds usually take,refund,check_refund_policy
I want to get a compensation,refund,get_refund
check purchase {{Order Number}} current status,tracking,track_order
help regarding payments,payment_issue,payment_issue
I am waiting for a compensation of {{Refund Amount}} doolars,refund,track_refund
how do I see if there are any updates on my compensation?,refund,track_refund
assistance to report troubles with payments,payment_issue,payment_issue
can you help me make a claim against your company?,complaint,complaint
I want help to cancle purchase {{Order Number}},cancel_order,cancel_order
I have got to make a customer claim against your business,complaint,complaint
where do I lodge a consumer reclamation?,complaint,complaint
I don't know what to do to see my reimbursement status,refund,track_refund
"I have paid {{Currency Symbol}}{{Refund Amount}} for this order, where to get a rebate?",refund,get_refund
where can I lodge a customer reclamation?,complaint,complaint
i have to report a problem with online payments,payment_issue,payment_issue
"I need to track the compensation, how can I do it?",refund,track_refund
support editing my shipping address,address_change,change_shipping_address
help me file a consumer complaint against ur company,complaint,complaint
"I ain't happy with your work, help lodging a consumer claim",complaint,complaint
I do not know how I could ask for goddamn refunds,refund,get_refund
"I paid {{Currency Symbol}}{{Refund Amount}} for an item, help me receive my money back",refund,get_refund
i want help to lodge a customer complaint,complaint,complaint
help to check in what situations can I request reimbursments,refund,check_refund_policy
help me filing a complaint,complaint,complaint
"I want to file a claim, how could I do it?",complaint,complaint
"the address changed, could I update it?",address_change,change_shipping_address
check purcase {{Order Number}} current status,tracking,track_order
"I want to report errors with payment, can I get some help?",payment_issue,payment_issue
could uhelp me check the damn eta of order {{Order Number}},tracking,track_order
I need to update my address,address_change,change_shipping_address
the experience with ur brand ws bad how to make a complaint,complaint,complaint
where do i ask for a refund,refund,get_refund
help to obtain my money back,refund,get_refund
tell me about modifying my address,address_change,change_shipping_address
could I see if there is anything new on my refund?,refund,track_refund
I don't know what I need to do to file a consumer complaint,complaint,complaint
i want assistance requesting a compnesation of my money,refund,get_refund
I am looking for information about correcting the address,address_change,change_shipping_address
"I have got to cancel purchase {{Order Number}}, help me",cancel_order,cancel_order
"I want to see my compensation status, I need help",refund,track_refund
can you tell me more about a delivery address correction?,address_change,change_shipping_address
"my shipping address changed, can I update it?",address_change,change_shipping_address
want help knowing if there are any updates on my refund,refund,track_refund
i dont knwo what to do to get damn refunds,refund,get_refund
help to cancel order {{Order Number}},cancel_order,cancel_order
I do not know how to modify the address,address_change,change_shipping_address
help me seeing your fucking money back policy,refund,check_refund_policy
where do I receive a compensation?,refund,get_refund
I need help with cancelling purhase {{Order Number}},cancel_order,cancel_order
help me see if there are any updates on my reimbursement,refund,track_refund
i do not know how to lodge a complaint against ur business,complaint,complaint
show me my restitution status,refund,track_refund
there is an error trying to update my address,address_change,change_shipping_address
i have got to see my compensation current status,refund,track_refund
i want help demanding reimbursements of my money,refund,get_refund
i try to obtain restitutions of money,refund,get_refund
how long till I receive a refund of money?,refund,get_refund
"the address changed, can you help me change it?",address_change,change_shipping_address
wanna know more about correcting the deilvery address,address_change,change_shipping_address
how tolodge a customer complaint,complaint,complaint
could I make a goddamn reclamation?,complaint,complaint
"I have to see order {{Order Number}} current status, help me",tracking,track_order
i do not know how to notify of a trouble with online payment,payment_issue,payment_issue
where can I file a customer claim against your business?,complaint,complaint
how could I track my restitution?,refund,track_refund
I'm waiting for a refund of {{Refund Amount}} dollrs,refund,track_refund
check current status of order {{Order Number}},tracking,track_order
i want assistance trying to change ym shipping address,address_change,change_shipping_address
"I paid {{Currency Symbol}}{{Refund Amount}} for these items, help receiving a compensation",refund,get_refund
help seeing in which situations can I request my money back,refund,check_refund_policy
what do I need to do to inform of isues with payments?,payment_issue,payment_issue
"I have to see in which cases can I ask for refunds, help me",refund,check_refund_policy
where to see the status of my rebate,refund,track_refund
i need assistance to check the eta of the order {{Order Number}},tracking,track_order
"I do not want this item, cancel order {{Order Number}}",cancel_order,cancel_order
can ya help me to solve atrouble with payments,payment_issue,payment_issue
is it possible to check order {{Order Number}} current status?,tracking,track_order
I want support modifying the address,address_change,change_shipping_address
how can i check if there are any news on my refund,refund,track_refund
i need help sollving a trouble with payments,payment_issue,payment_issue
can you tell me about updating the shipping address?,address_change,change_shipping_address
I need to get a rebate,refund,get_refund
I need help demanding an reimbursement,refund,get_refund
see order {{Order Number}} status,tracking,track_order
"I have got to see your money back policy, help me",refund,check_refund_policy
I need assistance to demand a reimbursement,refund,get_refund
help me see in what cases can I ask for my money back,refund,check_refund_policy
i want assistance to track purchase {{Order Number}},tracking,track_order
"I expect a compensation of {{Refund Amount}} dollars, was it processed",refund,track_refund
how to cancel the purchase i made,cancel_order,cancel_order
I expect a refund of {{Currency Symbol}}{{Refund Amount}},refund,track_refund
help me inform of a problem with payment,payment_issue,payment_issue
i do not know how i can get a compensation of money,refund,get_refund
I have to lodge a reclamation,complaint,complaint
i do not know what to do to request a reimbursement of money,refund,get_refund
I try to know if there are any updates on my restitution,refund,track_refund
I have got to demand fucking reimbursements,refund,get_refund
wanna lodge a consumer reclamation against ur company,complaint,complaint
"I can't make a transfer, can I notify of payment errors?",payment_issue,payment_issue
help to make a customer complaint against your business,complaint,complaint
help to see in what situationscan I ask to be reimbursed,refund,check_refund_policy
I try to check in which cases can I request a refund,refund,check_refund_policy
show me ur reimbursement policy,refund,check_refund_policy
"I want to check my rebate current status, could you help me?",refund,track_refund
how long till i get my damn reimbursement,refund,get_refund
i need assistance modifying the delivery address,address_change,change_shipping_address
i cant make transfers notify of a trouble with payment,payment_issue,payment_issue
where can i see if there are any news on the reimbursement,refund,track_refund
file complaint,complaint,complaint
"the address changed, modify it",address_change,change_shipping_address
I need help to check purchase {{Order Number}} current status,tracking,track_order
i dont know how to request restitutions of my money,refund,get_refund
help me get a reiombursement of my money,refund,get_refund
i have to check the ETA or order {{Order Number}} help me,tracking,track_order
can ya help me to inform of an problem with payment,payment_issue,payment_issue
"I have entered a wrong shipping address, I want to modify it",address_change,change_shipping_address
I want to see in what cases can Iask to be refunded,refund,check_refund_policy
I need assistance to file a consumer complaint,complaint,complaint
I have to check how long reimbursements usually take,refund,check_refund_policy
i have paid {{Currency Symbol}}{{Refund Amount}} ofr this product i need my money back,refund,get_refund
assistance to make a claim against ur business,complaint,complaint
assistance seeing in which cases can I request my money back,refund,check_refund_policy
can you help me to correct the delivery address?,address_change,change_shipping_address
I try to see in what cases can I ask for my damn money back,refund,check_refund_policy
I need supports correcting the shipping address,address_change,change_shipping_address
I do not know how I could get a fucking rebate of my money,refund,get_refund
how can I inform of a trouble with payments?,payment_issue,payment_issue
where to ask for a rebate of my money,refund,get_refund
i dont khow how to cancel order {{Order Number}},cancel_order,cancel_order
I need help checking if there are any updates on my refund,refund,track_refund
want assistance notifying of payment issues,payment_issue,payment_issue
I am trying to change my address,address_change,change_shipping_address
help to ask for a restitution of money,refund,get_refund
I'm unsatisfied with ur work how do i lodge a claim,complaint,complaint
want help informing of a trouble with payment,payment_issue,payment_issue
I need assistance canceling ordr {{Order Number}},cancel_order,cancel_order
I have an erroor trying to change the address,address_change,change_shipping_address
want help seeing in which situations can I ask for a refund,refund,check_refund_policy
help to file a consumer complaint,complaint,complaint
i try to report a problem with payment,payment_issue,payment_issue
whzt do i need to do to ask for reimbursements of money,refund,get_refund
where can I iinform of errors with online payment?,payment_issue,payment_issue
tell me about correcting my shipping address,address_change,change_shipping_address
I want help trying to edit my addreds,address_change,change_shipping_address
where can i check the bloody eta of order {{Order Number}},tracking,track_order
i want help changing my delivey address,address_change,change_shipping_address
can I check your reimbursement policy?,refund,check_refund_policy
I try to make a customer claim against your company,complaint,complaint
i have to see the status of purchase {{Order Number}} how do i do it,tracking,track_order
there are problems changing the address,address_change,change_shipping_address
i try to see how long reimbursements take,refund,check_refund_policy
can you help me check in which cases can I request a refund?,refund,check_refund_policy
there are problems trying to correct the address,address_change,change_shipping_address
help checking in what cases can I request to be reimbursed,refund,check_refund_policy
there are issues correcting my shipping address,address_change,change_shipping_address
I want to see in what situations can I ask for my money back,refund,check_refund_policy
assistance checking your reimbursement policy,refund,check_refund_policy
see under what circumstances can i ask for reimbursements,refund,check_refund_policy
help seeing in which situations can I ask to be reimbursed,refund,check_refund_policy
can you help me check the compensation current status?,refund,track_refund
where to cancel purchase {{Order Number}},cancel_order,cancel_order
i dont know how i can cancel order {{Order Number}},cancel_order,cancel_order
I expect an restitution of {{Currency Symbol}}{{Refund Amount}},refund,track_refund
i want help checking the ETA of purchase {{Order Number}},tracking,track_order
I expect a fucking compensation of {{Currency Symbol}}{{Refund Amount}},refund,track_refund
need to see in which situations can i ask for refunds,refund,check_refund_policy
where can i lodge a bloody consumer claim against ur company,complaint,complaint
show me order {{Order Number}} status,tracking,track_order
there is an error trying to update the address,address_change,change_shipping_address
could you help me see purchase {{Order Number}} current status?,tracking,track_order
asistance cancelling purchase {{Order Number}},cancel_order,cancel_order
"I have to see my compensation status, help me",refund,track_refund
help me seeing in which situations can I ask for a refund,refund,check_refund_policy
i want help to check the current status of order {{Order Number}},tracking,track_order
help me solve a trouble with online payments,payment_issue,payment_issue
i need help to change the delivery address,address_change,change_shipping_address
can you help me inform of a problem with payment?,payment_issue,payment_issue
want help reporting bloody troubles with payments,payment_issue,payment_issue
i want assistance to ask for a rebate of my money,refund,get_refund
I want supports editing my address,address_change,change_shipping_address
need help to lodge a complaint against your organization,complaint,complaint
need to receive a reimbursement of my money,refund,get_refund
help me see the ETA of the order {{Order Number}},tracking,track_order
wanna check in what cases can i request a refund,refund,check_refund_policy
check purchase {{Order Number}} goddamn status,tracking,track_order
help me see under which circumstances can I ask for a refund,refund,check_refund_policy
can you help me reporting problems with online payment?,payment_issue,payment_issue
is it possibpe to check how long refunds take,refund,check_refund_policy
troubles with online payments,payment_issue,payment_issue
can uhelp me to see how long reimbursements usually take,refund,check_refund_policy
could I see in which cases can I request a fucking refund?,refund,check_refund_policy
"I wwould like to see your damn money back policy, help me",refund,check_refund_policy
showing me purchase {{Order Number}} status,tracking,track_order
"I ordered some items, need help cancelling the last purchase",cancel_order,cancel_order
I have troubles trying to updste my delivery address,address_change,change_shipping_address
help correcting my address,address_change,change_shipping_address
show me in which situations can i request refunds,refund,check_refund_policy
tell me about a shipping address correction,address_change,change_shipping_address
"the payment failed, how to report an error with payment?",payment_issue,payment_issue
I have got to ask for a rebate,refund,get_refund
help me see under what circumstances can I request a refund,refund,check_refund_policy
"the shipping address changed, is it possible to update it?",address_change,change_shipping_address
I want help reporting payment problems,payment_issue,payment_issue
i have got to get restitutions of my money,refund,get_refund
cancel purchase00123842,cancel_order,cancel_order
help me check in which cases can I ask to be reimbursed,refund,check_refund_policy
"I need to check your reimbursement policy, will you help me?",refund,check_refund_policy
can uhelpme informing of a problem with payments,payment_issue,payment_issue
I would like to file a consumer reclamation,complaint,complaint
what do I need to do to make a goddamn complaint?,complaint,complaint
cancelling order {{Order Number}},cancel_order,cancel_order
any news on my bloody reimbursement,refund,track_refund
wanna notify of a trouble with online payments,payment_issue,payment_issue
see in which cases can I request to be refunded,refund,check_refund_policy
filing consumer claim against your business,complaint,complaint
I can't see if there is anything new on the compensation,refund,track_refund
assistance to know if there are any news on my refund,refund,track_refund
I do not know how to know if there are any news on my rebate,refund,track_refund
I want support modifying the shipping address,address_change,change_shipping_address
question about cancelling purchase {{Order Number}},cancel_order,cancel_order
i dont kno how to request a refund of my money,refund,get_refund
wanna file a custome complaint,complaint,complaint
can you tell me more about changing the address?,address_change,change_shipping_address
want help correcting my address,address_change,change_shipping_address
see order {{Order Number}} stats,tracking,track_order
where can I notify of a trouble with payment?,payment_issue,payment_issue
support regarding online pamyent,payment_issue,payment_issue
I have issues trying to edit my delivery address,address_change,change_shipping_address
where can I report an issue with payments?,payment_issue,payment_issue
wanna see pjrchase {{Order Number}} damn current status,tracking,track_order
I try to check purcbase {{Order Number}} status,tracking,track_order
I want help checking in what cases can I request a refund,refund,check_refund_policy
i want assistance filing a complaint against ur business,complaint,complaint
can I see if there are any updates on my rebate?,refund,track_refund
I'm unhzppy with ur work make a reclamation,complaint,complaint
help me updating my shipping address,address_change,change_shipping_address
where could I request refunds?,refund,get_refund
what do I have to do to check the status of my rebate?,refund,track_refund
assistance filing a consumer reclamation against ur business,complaint,complaint
i have got to ceck ur money back guarantee i need help,refund,check_refund_policy
I need help cancelling purchase {{Order Number}},cancel_order,cancel_order
how can I see purchase {{Order Number}} current status?,tracking,track_order
I do not know what to do to locate order {{Order Number}},tracking,track_order
reporting issues with payment,payment_issue,payment_issue
i need help seeing the status of purchase {{Order Number}},tracking,track_order
want help to make a customer complaint against your business,complaint,complaint
"I need to notify of issues with online payments, help me",payment_issue,payment_issue
"I want to check how long refunds take, I need assistance",refund,check_refund_policy
can you help me lodging a reclamation?,complaint,complaint
could you help me demanding restitutions of my money?,refund,get_refund
report issues with payment,payment_issue,payment_issue
want help to check in what cases can i request refunds,refund,check_refund_policy
I have a question about canceling purchase {{Order Number}},cancel_order,cancel_order
how do i see the eta of order {{Order Number}},tracking,track_order
troubles with payments,payment_issue,payment_issue
help me check in which cvases can i ask for my money back,refund,check_refund_policy
where to report issues with online payments,payment_issue,payment_issue
I have got to check your refund policy,refund,check_refund_policy
"I can't make a payment, inform of an error with payment",payment_issue,payment_issue
I do not know how to notify of a trouble with payment,payment_issue,payment_issue
i expect an rebate of {{Currency Symbol}}{{Refund Amount}},refund,track_refund
how could i edmand a refund of my money,refund,get_refund
"I purchased some product, cancel order {{Order Number}}",cancel_order,cancel_order
can ushow me in which cases can i ask for reimbursements,refund,check_refund_policy
in which situations can I request the damn refunds?,refund,check_refund_policy
"I want to see my refund current status, help me",refund,track_refund
can you help me track order {{Order Number}}?,tracking,track_order
I try to inform of troubles with payment,payment_issue,payment_issue
how can I demand a compensation?,refund,get_refund
help seeing in what cases can I ask for reimbursements,refund,check_refund_policy
"I am unhappy with your service, help to make a claim",complaint,complaint
I have a problem trying to edit my shipping address,address_change,change_shipping_address
I try to see in what cases can I ask to be refunded,refund,check_refund_policy
I need to report a problem with online payment,payment_issue,payment_issue
I cannot change the addreas,address_change,change_shipping_address
can you help me obtaining a reimbursement of money?,refund,get_refund
I need help to notify of errors with payment,payment_issue,payment_issue
can uhelp me demanding a rebate,refund,get_refund
I need help checking the ETA of order {{Order Number}},tracking,track_order
where do I obtain reimbursements of money?,refund,get_refund
can you help me receive goddamn compensations of money?,refund,get_refund
"I paid {{Refund Amount}} dollars for an item, I need to receive a rebate",refund,get_refund
want help to make a claim against ur company,complaint,complaint
where to obtain a restitution of money,refund,get_refund
I cannot afford purchase {{Order Number}},cancel_order,cancel_order
I have to check in what cases can I request my money back,refund,check_refund_policy
where is purechase {{Order Number}},tracking,track_order
help making a consumer complaint against your compant,complaint,complaint
i dont know what i have to doto get refunds of my money,refund,get_refund
help to see in what cases can I ask for a reimbursement,refund,check_refund_policy
I need to see the ETA of order {{Order Number}},tracking,track_order
help me check in what situations can I ask to be reimbursed,refund,check_refund_policy
i want assistance to notify of problems with online payments,payment_issue,payment_issue
i want help trying to correct my delivery address,address_change,change_shipping_address
I want to file a consumer claim against your business,complaint,complaint
want assistance to file a customer reclamation,complaint,complaint
I'm waiting for a rebateof {{Currency Symbol}}{{Refund Amount}},refund,track_refund
could you help me solving troubles with online payment ?,payment_issue,payment_issue
is it possible to receive reimbursements?,refund,get_refund
I am trying to get reimbursements of my money,refund,get_refund
can you help me seeing the status of order {{Order Number}}?,tracking,track_order
lodging reclamation against your company,complaint,complaint
I am trying to see in what cases can I request my money back,refund,check_refund_policy
problem with canceling order {{Order Number}},cancel_order,cancel_order
in which cases can I ask for my money back?,refund,check_refund_policy
help making a customer reclamation against your organization,complaint,complaint
need assistance checking my compensation current status,refund,track_refund
need help checking in what situations can I request refunds,refund,check_refund_policy
how to see if there is anything new on my compensation,refund,track_refund
I call to lodge a consumer claim against your organization,complaint,complaint
I want assistance demanding rebates of my money,refund,get_refund
want help making an customer claim against your business,complaint,complaint
"I need to check your refund policy , how to do it?",refund,check_refund_policy
i do not want these article i try to cancel order {{Order Number}},cancel_order,cancel_order
i have a provlem with cancelling order {{Order Number}},cancel_order,cancel_order
where to see the bloody rebate current status?,refund,track_refund
in which situations can I ask for a goddamn reimbursement?,refund,check_refund_policy
I have errors trying to pudate my shipping address,address_change,change_shipping_address
I can't see the damn status of order {{Order Number}},tracking,track_order
help me seeing how long refunds take,refund,check_refund_policy
need help checking in what cases can i request a refund,refund,check_refund_policy
i need assistance to check purchase {{Order Number}} status,tracking,track_order
need to modify my delivery addrexs how do i do it,address_change,change_shipping_address
how to see your goddamn reimbursement policy?,refund,check_refund_policy
see my compensation status,refund,track_refund
need to cancel purchase {{Order Number}},cancel_order,cancel_order
I want help getting a compensation of my money,refund,get_refund
I try to check in what casescan I request a reimbursement,refund,check_refund_policy
i cannot see the eta of the order {{Order Number}},tracking,track_order
how to see order {{Order Number}} current status?,tracking,track_order
how to check the current status of the reimbursement?,refund,track_refund
I have troubles trying to change the address,address_change,change_shipping_address
"I am waiting for a rebate of {{Currency Symbol}}{{Refund Amount}}, was it processed",refund,track_refund
question about cancelling order {{Order Number}},cancel_order,cancel_order
want assistance to inform of a payment problem,payment_issue,payment_issue
notifying of payment problem,payment_issue,payment_issue
show your refund policy,refund,check_refund_policy
could you help me asking for a refund of my money?,refund,get_refund
is it possible to report a payment error?,payment_issue,payment_issue
wanna notify of goddamn errors with online payment,payment_issue,payment_issue
where can I see order {{Order Number}} status?,tracking,track_order
I do not know what to do to track my reimbursement,refund,track_refund
need to file a consumer reclamation help me,complaint,complaint
i purchased something how to cancel order {{Order Number}},cancel_order,cancel_order
help to see the current status of purchase {{Order Number}},tracking,track_order
see in which situations can I request a refund,refund,check_refund_policy
I do not know how to lodge a complaint,complaint,complaint
I have a trouble correcting the address,address_change,change_shipping_address
help me notifying of a problem with online payment,payment_issue,payment_issue
order {{Order Number}} current status,tracking,track_order
assistance checking the status of order {{Order Number}},tracking,track_order
I want help to request rebates of money,refund,get_refund
i try to inform of a truble with payment,payment_issue,payment_issue
can you help me make a customer claim against your company?,complaint,complaint
"I expect a goddamn compensation of {{Currency Symbol}}{{Refund Amount}}, was it processed",refund,track_refund
question about canceling a bloody purchase,cancel_order,cancel_order
need help to file a reclamaion against ur business,complaint,complaint
there is a trouble trying to update the shipping address,address_change,change_shipping_address
I have to correct my delivery address,address_change,change_shipping_address
I want help trying to correct the address,address_change,change_shipping_address
making complaint against ur company,complaint,complaint
need help seeing in what situations can i ask to be refunded,refund,check_refund_policy
help me to check in what cases can i ask to be refunded,refund,check_refund_policy
"I want to see your damn money back policy, I need help",refund,check_refund_policy
I awnt assistance to locate order {{Order Number}},tracking,track_order
"I have to see the damn compensation status, can you help me?",refund,track_refund
where could I lodge a consumer claim?,complaint,complaint
i want help seeing the goddamn ETA of purchase {{Order Number}},tracking,track_order
i dont know what to do to obtain my money back,refund,get_refund
is it possible to demand refunds of my money?,refund,get_refund
I am trying ot get rebates,refund,get_refund
makie complaint,complaint,complaint
i want information about modifying my shipping address,address_change,change_shipping_address
"my experience with your brand was too bad, lodge a complaint",complaint,complaint
wanna check uf refund policy,refund,check_refund_policy
I need assistance tracking my reimbursement,refund,track_refund
want help solving issues with online payment,payment_issue,payment_issue
I need to check in which situations can I requst a refund,refund,check_refund_policy
could I check if there are any updates on my goddamn rebate?,refund,track_refund
can ay help me to inform of issues with payment,payment_issue,payment_issue
i do not know what to do to check the restitution status,refund,track_refund
i do not know how to cancel purchasw {{Order Number}},cancel_order,cancel_order
I do not know what I need to do to inform of payment errors,payment_issue,payment_issue
I don't know what I have to do to lodge a consumer claim,complaint,complaint
need help ot check in what cases can I ask for refunds,refund,check_refund_policy
I cannot check the current status of the rebate,refund,track_refund
I do not know how I can file a claim against your business,complaint,complaint
i want assistance seeing the compensation current status,refund,track_refund
i do not know how i could casncel order {{Order Number}},cancel_order,cancel_order
i need assistance solving errors with payment,payment_issue,payment_issue
help with a shipping address modification,address_change,change_shipping_address
can you help me see the ETA of the order {{Order Number}}?,tracking,track_order
could you help me informing of an issue with payments?,payment_issue,payment_issue
assistance filing a complaint against your organization,complaint,complaint
i want help to see in which cases can i request a refund,refund,check_refund_policy
I need assistance notifying of errors with online payments,payment_issue,payment_issue
I do not know what I need to do to see my rebate status,refund,track_refund
want help to check your damn money back guarantee,refund,check_refund_policy
"I have to check purchase {{Order Number}} status, I need help",tracking,track_order
where do i check the restitution status,refund,track_refund
help with payment,payment_issue,payment_issue
can you help me seeing the ETA of the order {{Order Number}}?,tracking,track_order
I try to inform of a trouble with online payment,payment_issue,payment_issue
I am waiting for a rebate of {{Refund Amount}} dollars,refund,track_refund
I'm calling to lodge a claim against ur company,complaint,complaint
show ur money back guarantee,refund,check_refund_policy
wanna locate order {{Order Number}} how can i do it,tracking,track_order
checking status of order,tracking,track_order
help modifying the shipping address,address_change,change_shipping_address
I want information about a delivery address correction,address_change,change_shipping_address
is it possible to see in what cases can i ask for a refund,refund,check_refund_policy
want assistance to make a reclamation against your business,complaint,complaint
"I cannot pay, I want to notify of a trouble with payments",payment_issue,payment_issue
help me to get a rebate,refund,get_refund
get refund,refund,get_refund
can i see the status of purchase {{Order Number}},tracking,track_order
I am trying to inform of payment problems,payment_issue,payment_issue
assistance informing of an error with onlinepayment,payment_issue,payment_issue
how do I get a rebate?,refund,get_refund
could you help me requesting a goddamn rebate of my money?,refund,get_refund
I don't know what I have to do to demand a compensation,refund,get_refund
I need to check in which cases can I ask for a reimbursement,refund,check_refund_policy
I would loike to obtain damn refunds of my money,refund,get_refund
where could I notify of a payment issue?,payment_issue,payment_issue
i don want order {{Order Number}} I'd like to cancel it,cancel_order,cancel_order
help checking my restitution status,refund,track_refund
where do I know if there is anything wrong with the refund?,refund,track_refund
how to get a reimbursement?,refund,get_refund
I don't know how to lodge a consumer claim,complaint,complaint
what do i need to do to see the status of the rebate,refund,track_refund
want assistance solving problems with payment,payment_issue,payment_issue
I do not know what I have to do to get a refund,refund,get_refund
wat help to see the ETA of purchase {{Order Number}},tracking,track_order
i try to see in which cases can i request refunss,refund,check_refund_policy
would it be possible to lodge a reclamation?,complaint,complaint
i need help making a consumer reclamation,complaint,complaint
"I bought some bloody articles, cancel order {{Order Number}}",cancel_order,cancel_order
need help seeing ur reimbursement policy,refund,check_refund_policy
I don't know how I could track the compensation,refund,track_refund
can you help me to cancel purchase {{Order Number}}?,cancel_order,cancel_order
how do I request a compensation of money?,refund,get_refund
i need help to inform of issues with online payments,payment_issue,payment_issue
want assistance to solve a payment problem,payment_issue,payment_issue
there are troubles correcting my address,address_change,change_shipping_address
is it possible to see in which cases can I ask for a refund?,refund,check_refund_policy
tell me about updating the address,address_change,change_shipping_address
I don't know how I could cancel purchase {{Order Number}},cancel_order,cancel_order
is it possible to inform of an issue with online payments?,payment_issue,payment_issue
there is a problem updating my shipping address,address_change,change_shipping_address
"I need to track purchase {{Order Number}}, can I get some help ?",tracking,track_order
can you help me check my restitution status?,refund,track_refund
what do i have to do to make a consumer claim,complaint,complaint
can you help me check the ETA of the purchase {{Order Number}}?,tracking,track_order
can uhelp me seethe ETA of order {{Order Number}},tracking,track_order
where do I change my address?,address_change,change_shipping_address
"my address has changed, I need help modifying it",address_change,change_shipping_address
I have to ask for goddamn refunds,refund,get_refund
need ot cancel purchase {{Order Number}},cancel_order,cancel_order
help seeing in what cases can i request refunds,refund,check_refund_policy
tell me about a shipping address modification,address_change,change_shipping_address
I have to lodge a consumer complaint against your company,complaint,complaint
need to report an issue with paymentr,payment_issue,payment_issue
how can i modify my shipping address,address_change,change_shipping_address
where do i get an compensation of money,refund,get_refund
can you help me to solve an issue with payment?,payment_issue,payment_issue
"I paid {{Currency Symbol}}{{Refund Amount}} for these articles, where do I obtain a rebate?",refund,get_refund
what do I need to do to change my delivery address?,address_change,change_shipping_address
could you help me inform of troubles with payment?,payment_issue,payment_issue
show ur money back policcy,refund,check_refund_policy
I need assistance solving payment errors,payment_issue,payment_issue
"my address has changed, could you help me changing it?",address_change,change_shipping_address
